[2026-05-12 19:35:31] local.ERROR: App\Support\Directory\LdapSchemaObjectClassHelper::objectClasses(): Return value must be of type Illuminate\Support\Collection, __PHP_Incomplete_Class returned (View: /opt/petra_iam_big_project/my_ldap_dashboard/vendor/filament/forms/resources/views/components/select.blade.php) (View: /opt/petra_iam_big_project/my_ldap_dashboard/vendor/filament/forms/resources/views/components/select.blade.php) (View: /opt/petra_iam_big_project/my_ldap_dashboard/vendor/filament/forms/resources/views/components/select.blade.php) {"userId":1,"exception":"[object] (Illuminate\\View\\ViewException(code: 0): App\\Support\\Directory\\LdapSchemaObjectClassHelper::objectClasses(): Return value must be of type Illuminate\\Support\\Collection, __PHP_Incomplete_Class returned (View: /opt/petra_iam_big_project/my_ldap_dashboard/vendor/filament/forms/resources/views/components/select.blade.php) (View: /opt/petra_iam_big_project/my_ldap_dashboard/vendor/filament/forms/resources/views/components/select.blade.php) (View: /opt/petra_iam_big_project/my_ldap_dashboard/vendor/filament/forms/resources/views/components/select.blade.php) at /opt/petra_iam_big_project/my_ldap_dashboard/app/Support/Directory/LdapSchemaObjectClassHelper.php:107)
[stacktrace]
#0 /opt/petra_iam_big_project/my_ldap_dashboard/vendor/livewire/livewire/src/Mechanisms/ExtendBlade/ExtendedCompilerEngine.php(58): Illuminate\\View\\Engines\\CompilerEngine->handleViewException()
#1 /opt/petra_iam_big_project/my_ldap_dashboard/vendor/livewire/livewire/src/Mechanisms/ExtendBlade/ExtendedCompilerEngine.php(40): Livewire\\Mechanisms\\ExtendBlade\\ExtendedCompilerEngine->handleViewException()
#2 /opt/petra_iam_big_project/my_ldap_dashboard/vendor/laravel/framework/src/Illuminate/View/Engines/CompilerEngine.php(76): Livewire\\Mechanisms\\ExtendBlade\\ExtendedCompilerEngine->evaluatePath()
#3 /opt/petra_iam_big_project/my_ldap_dashboard/vendor/livewire/livewire/src/Mechanisms/ExtendBlade/ExtendedCompilerEngine.php(16): Illuminate\\View\\Engines\\CompilerEngine->get()
#4 /opt/petra_iam_big_project/my_ldap_dashboard/vendor/laravel/framework/src/Illuminate/View/View.php(208): Livewire\\Mechanisms\\ExtendBlade\\ExtendedCompilerEngine->get()
#5 /opt/petra_iam_big_project/my_ldap_dashboard/vendor/laravel/framework/src/Illuminate/View/View.php(191): Illuminate\\View\\View->getContents()
#6 /opt/petra_iam_big_project/my_ldap_dashboard/vendor/laravel/framework/src/Illuminate/View/View.php(160): Illuminate\\View\\View->renderContents()
#7 /opt/petra_iam_big_project/my_ldap_dashboard/vendor/filament/support/src/Livewire/Partials/PartialsComponentHook.php(134): Illuminate\\View\\View->render()
#8 /opt/petra_iam_big_project/my_ldap_dashboard/vendor/filament/support/src/Livewire/Partials/PartialsComponentHook.php(183): Filament\\Support\\Livewire\\Partials\\PartialsComponentHook->{closure:Filament\\Support\\Livewire\\Partials\\PartialsComponentHook::dehydrate():122}()
#9 /opt/petra_iam_big_project/my_ldap_dashboard/vendor/livewire/livewire/src/ComponentHook.php(75): Filament\\Support\\Livewire\\Partials\\PartialsComponentHook->dehydrate()
#10 /opt/petra_iam_big_project/my_ldap_dashboard/vendor/livewire/livewire/src/ComponentHookRegistry.php(114): Livewire\\ComponentHook->callDehydrate()
#11 /opt/petra_iam_big_project/my_ldap_dashboard/vendor/livewire/livewire/src/ComponentHookRegistry.php(77): Livewire\\ComponentHookRegistry::{closure:Livewire\\ComponentHookRegistry::proxyCallToHooks():110}()
#12 /opt/petra_iam_big_project/my_ldap_dashboard/vendor/livewire/livewire/src/EventBus.php(87): Livewire\\ComponentHookRegistry::{closure:Livewire\\ComponentHookRegistry::boot():76}()
#13 /opt/petra_iam_big_project/my_ldap_dashboard/vendor/livewire/livewire/src/helpers.php(98): Livewire\\EventBus->trigger()
#14 /opt/petra_iam_big_project/my_ldap_dashboard/vendor/livewire/livewire/src/Mechanisms/HandleComponents/HandleComponents.php(249): Livewire\\trigger()
#15 /opt/petra_iam_big_project/my_ldap_dashboard/vendor/livewire/livewire/src/LivewireManager.php(131): Livewire\\Mechanisms\\HandleComponents\\HandleComponents->update()
#16 /opt/petra_iam_big_project/my_ldap_dashboard/vendor/livewire/livewire/src/Mechanisms/HandleRequests/HandleRequests.php(202): Livewire\\LivewireManager->update()
#17 /opt/petra_iam_big_project/my_ldap_dashboard/vendor/laravel/framework/src/Illuminate/Routing/ControllerDispatcher.php(46): Livewire\\Mechanisms\\HandleRequests\\HandleRequests->handleUpdate()
#18 /opt/petra_iam_big_project/my_ldap_dashboard/vendor/laravel/framework/src/Illuminate/Routing/Route.php(269): Illuminate\\Routing\\ControllerDispatcher->dispatch()
#19 /opt/petra_iam_big_project/my_ldap_dashboard/vendor/laravel/framework/src/Illuminate/Routing/Route.php(215): Illuminate\\Routing\\Route->runController()
#20 /opt/petra_iam_big_project/my_ldap_dashboard/vendor/laravel/framework/src/Illuminate/Routing/Router.php(822): Illuminate\\Routing\\Route->run()
#21 /opt/petra_iam_big_project/my_ldap_dashboard/vendor/laravel/framework/src/Illuminate/Pipeline/Pipeline.php(180): Illuminate\\Routing\\Router->{closure:Illuminate\\Routing\\Router::runRouteWithinStack():821}()
#22 /opt/petra_iam_big_project/my_ldap_dashboard/vendor/livewire/livewire/src/Mechanisms/HandleRequests/RequireLivewireHeaders.php(19): Illuminate\\Pipeline\\Pipeline->{closure:Illuminate\\Pipeline\\Pipeline::prepareDestination():178}()
#23 /opt/petra_iam_big_project/my_ldap_dashboard/vendor/laravel/framework/src/Illuminate/Pipeline/Pipeline.php(219): Livewire\\Mechanisms\\HandleRequests\\RequireLivewireHeaders->handle()
#24 /opt/petra_iam_big_project/my_ldap_dashboard/vendor/laravel/framework/src/Illuminate/Routing/Middleware/SubstituteBindings.php(52): Illuminate\\Pipeline\\Pipeline->{closure:{closure:Illuminate\\Pipeline\\Pipeline::carry():194}:195}()
#25 /opt/petra_iam_big_project/my_ldap_dashboard/vendor/laravel/framework/src/Illuminate/Pipeline/Pipeline.php(219): Illuminate\\Routing\\Middleware\\SubstituteBindings->handle()
#26 /opt/petra_iam_big_project/my_ldap_dashboard/vendor/laravel/framework/src/Illuminate/Foundation/Http/Middleware/PreventRequestForgery.php(104): Illuminate\\Pipeline\\Pipeline->{closure:{closure:Illuminate\\Pipeline\\Pipeline::carry():194}:195}()
#27 /opt/petra_iam_big_project/my_ldap_dashboard/vendor/laravel/framework/src/Illuminate/Pipeline/Pipeline.php(219): Illuminate\\Foundation\\Http\\Middleware\\PreventRequestForgery->handle()
#28 /opt/petra_iam_big_project/my_ldap_dashboard/vendor/laravel/framework/src/Illuminate/View/Middleware/ShareErrorsFromSession.php(48): Illuminate\\Pipeline\\Pipeline->{closure:{closure:Illuminate\\Pipeline\\Pipeline::carry():194}:195}()
#29 /opt/petra_iam_big_project/my_ldap_dashboard/vendor/laravel/framework/src/Illuminate/Pipeline/Pipeline.php(219): Illuminate\\View\\Middleware\\ShareErrorsFromSession->handle()
#30 /opt/petra_iam_big_project/my_ldap_dashboard/vendor/laravel/framework/src/Illuminate/Session/Middleware/StartSession.php(120): Illuminate\\Pipeline\\Pipeline->{closure:{closure:Illuminate\\Pipeline\\Pipeline::carry():194}:195}()
#31 /opt/petra_iam_big_project/my_ldap_dashboard/vendor/laravel/framework/src/Illuminate/Session/Middleware/StartSession.php(63): Illuminate\\Session\\Middleware\\StartSession->handleStatefulRequest()
#32 /opt/petra_iam_big_project/my_ldap_dashboard/vendor/laravel/framework/src/Illuminate/Pipeline/Pipeline.php(219): Illuminate\\Session\\Middleware\\StartSession->handle()
#33 /opt/petra_iam_big_project/my_ldap_dashboard/vendor/laravel/framework/src/Illuminate/Cookie/Middleware/AddQueuedCookiesToResponse.php(36): Illuminate\\Pipeline\\Pipeline->{closure:{closure:Illuminate\\Pipeline\\Pipeline::carry():194}:195}()
#34 /opt/petra_iam_big_project/my_ldap_dashboard/vendor/laravel/framework/src/Illuminate/Pipeline/Pipeline.php(219): Illuminate\\Cookie\\Middleware\\AddQueuedCookiesToResponse->handle()
#35 /opt/petra_iam_big_project/my_ldap_dashboard/vendor/laravel/framework/src/Illuminate/Cookie/Middleware/EncryptCookies.php(74): Illuminate\\Pipeline\\Pipeline->{closure:{closure:Illuminate\\Pipeline\\Pipeline::carry():194}:195}()
#36 /opt/petra_iam_big_project/my_ldap_dashboard/vendor/laravel/framework/src/Illuminate/Pipeline/Pipeline.php(219): Illuminate\\Cookie\\Middleware\\EncryptCookies->handle()
#37 /opt/petra_iam_big_project/my_ldap_dashboard/vendor/laravel/framework/src/Illuminate/Pipeline/Pipeline.php(137): Illuminate\\Pipeline\\Pipeline->{closure:{closure:Illuminate\\Pipeline\\Pipeline::carry():194}:195}()
#38 /opt/petra_iam_big_project/my_ldap_dashboard/vendor/laravel/framework/src/Illuminate/Routing/Router.php(821): Illuminate\\Pipeline\\Pipeline->then()
#39 /opt/petra_iam_big_project/my_ldap_dashboard/vendor/laravel/framework/src/Illuminate/Routing/Router.php(800): Illuminate\\Routing\\Router->runRouteWithinStack()
#40 /opt/petra_iam_big_project/my_ldap_dashboard/vendor/laravel/framework/src/Illuminate/Routing/Router.php(764): Illuminate\\Routing\\Router->runRoute()
#41 /opt/petra_iam_big_project/my_ldap_dashboard/vendor/laravel/framework/src/Illuminate/Routing/Router.php(753): Illuminate\\Routing\\Router->dispatchToRoute()
#42 /opt/petra_iam_big_project/my_ldap_dashboard/vendor/laravel/framework/src/Illuminate/Foundation/Http/Kernel.php(200): Illuminate\\Routing\\Router->dispatch()
#43 /opt/petra_iam_big_project/my_ldap_dashboard/vendor/laravel/framework/src/Illuminate/Pipeline/Pipeline.php(180): Illuminate\\Foundation\\Http\\Kernel->{closure:Illuminate\\Foundation\\Http\\Kernel::dispatchToRouter():197}()
#44 /opt/petra_iam_big_project/my_ldap_dashboard/vendor/livewire/livewire/src/Features/SupportDisablingBackButtonCache/DisableBackButtonCacheMiddleware.php(19): Illuminate\\Pipeline\\Pipeline->{closure:Illuminate\\Pipeline\\Pipeline::prepareDestination():178}()
#45 /opt/petra_iam_big_project/my_ldap_dashboard/vendor/laravel/framework/src/Illuminate/Pipeline/Pipeline.php(219): Livewire\\Features\\SupportDisablingBackButtonCache\\DisableBackButtonCacheMiddleware->handle()
#46 /opt/petra_iam_big_project/my_ldap_dashboard/vendor/laravel/framework/src/Illuminate/Foundation/Http/Middleware/ConvertEmptyStringsToNull.php(27): Illuminate\\Pipeline\\Pipeline->{closure:{closure:Illuminate\\Pipeline\\Pipeline::carry():194}:195}()
#47 /opt/petra_iam_big_project/my_ldap_dashboard/vendor/laravel/framework/src/Illuminate/Pipeline/Pipeline.php(219): Illuminate\\Foundation\\Http\\Middleware\\ConvertEmptyStringsToNull->handle()
#48 /opt/petra_iam_big_project/my_ldap_dashboard/vendor/laravel/framework/src/Illuminate/Foundation/Http/Middleware/TrimStrings.php(47): Illuminate\\Pipeline\\Pipeline->{closure:{closure:Illuminate\\Pipeline\\Pipeline::carry():194}:195}()
#49 /opt/petra_iam_big_project/my_ldap_dashboard/vendor/laravel/framework/src/Illuminate/Pipeline/Pipeline.php(219): Illuminate\\Foundation\\Http\\Middleware\\TrimStrings->handle()
#50 /opt/petra_iam_big_project/my_ldap_dashboard/vendor/laravel/framework/src/Illuminate/Http/Middleware/ValidatePostSize.php(27): Illuminate\\Pipeline\\Pipeline->{closure:{closure:Illuminate\\Pipeline\\Pipeline::carry():194}:195}()
#51 /opt/petra_iam_big_project/my_ldap_dashboard/vendor/laravel/framework/src/Illuminate/Pipeline/Pipeline.php(219): Illuminate\\Http\\Middleware\\ValidatePostSize->handle()
#52 /opt/petra_iam_big_project/my_ldap_dashboard/vendor/laravel/framework/src/Illuminate/Foundation/Http/Middleware/PreventRequestsDuringMaintenance.php(109): Illuminate\\Pipeline\\Pipeline->{closure:{closure:Illuminate\\Pipeline\\Pipeline::carry():194}:195}()
#53 /opt/petra_iam_big_project/my_ldap_dashboard/vendor/laravel/framework/src/Illuminate/Pipeline/Pipeline.php(219): Illuminate\\Foundation\\Http\\Middleware\\PreventRequestsDuringMaintenance->handle()
#54 /opt/petra_iam_big_project/my_ldap_dashboard/vendor/laravel/framework/src/Illuminate/Http/Middleware/HandleCors.php(61): Illuminate\\Pipeline\\Pipeline->{closure:{closure:Illuminate\\Pipeline\\Pipeline::carry():194}:195}()
#55 /opt/petra_iam_big_project/my_ldap_dashboard/vendor/laravel/framework/src/Illuminate/Pipeline/Pipeline.php(219): Illuminate\\Http\\Middleware\\HandleCors->handle()
#56 /opt/petra_iam_big_project/my_ldap_dashboard/vendor/laravel/framework/src/Illuminate/Http/Middleware/TrustProxies.php(58): Illuminate\\Pipeline\\Pipeline->{closure:{closure:Illuminate\\Pipeline\\Pipeline::carry():194}:195}()
#57 /opt/petra_iam_big_project/my_ldap_dashboard/vendor/laravel/framework/src/Illuminate/Pipeline/Pipeline.php(219): Illuminate\\Http\\Middleware\\TrustProxies->handle()
#58 /opt/petra_iam_big_project/my_ldap_dashboard/vendor/laravel/framework/src/Illuminate/Foundation/Http/Middleware/InvokeDeferredCallbacks.php(22): Illuminate\\Pipeline\\Pipeline->{closure:{closure:Illuminate\\Pipeline\\Pipeline::carry():194}:195}()
#59 /opt/petra_iam_big_project/my_ldap_dashboard/vendor/laravel/framework/src/Illuminate/Pipeline/Pipeline.php(219): Illuminate\\Foundation\\Http\\Middleware\\InvokeDeferredCallbacks->handle()
#60 /opt/petra_iam_big_project/my_ldap_dashboard/vendor/laravel/framework/src/Illuminate/Http/Middleware/ValidatePathEncoding.php(28): Illuminate\\Pipeline\\Pipeline->{closure:{closure:Illuminate\\Pipeline\\Pipeline::carry():194}:195}()
#61 /opt/petra_iam_big_project/my_ldap_dashboard/vendor/laravel/framework/src/Illuminate/Pipeline/Pipeline.php(219): Illuminate\\Http\\Middleware\\ValidatePathEncoding->handle()
#62 /opt/petra_iam_big_project/my_ldap_dashboard/vendor/laravel/framework/src/Illuminate/Pipeline/Pipeline.php(137): Illuminate\\Pipeline\\Pipeline->{closure:{closure:Illuminate\\Pipeline\\Pipeline::carry():194}:195}()
#63 /opt/petra_iam_big_project/my_ldap_dashboard/vendor/laravel/framework/src/Illuminate/Foundation/Http/Kernel.php(175): Illuminate\\Pipeline\\Pipeline->then()
#64 /opt/petra_iam_big_project/my_ldap_dashboard/vendor/laravel/framework/src/Illuminate/Foundation/Http/Kernel.php(144): Illuminate\\Foundation\\Http\\Kernel->sendRequestThroughRouter()
#65 /opt/petra_iam_big_project/my_ldap_dashboard/vendor/laravel/framework/src/Illuminate/Foundation/Application.php(1220): Illuminate\\Foundation\\Http\\Kernel->handle()
#66 /opt/petra_iam_big_project/my_ldap_dashboard/public/index.php(20): Illuminate\\Foundation\\Application->handleRequest()
#67 /opt/petra_iam_big_project/my_ldap_dashboard/vendor/laravel/framework/src/Illuminate/Foundation/resources/server.php(23): require_once('...')
#68 {main}

[previous exception] [object] (Illuminate\\View\\ViewException(code: 0): App\\Support\\Directory\\LdapSchemaObjectClassHelper::objectClasses(): Return value must be of type Illuminate\\Support\\Collection, __PHP_Incomplete_Class returned (View: /opt/petra_iam_big_project/my_ldap_dashboard/vendor/filament/forms/resources/views/components/select.blade.php) (View: /opt/petra_iam_big_project/my_ldap_dashboard/vendor/filament/forms/resources/views/components/select.blade.php) at /opt/petra_iam_big_project/my_ldap_dashboard/app/Support/Directory/LdapSchemaObjectClassHelper.php:107)
[stacktrace]
#0 /opt/petra_iam_big_project/my_ldap_dashboard/vendor/livewire/livewire/src/Mechanisms/ExtendBlade/ExtendedCompilerEngine.php(58): Illuminate\\View\\Engines\\CompilerEngine->handleViewException()
#1 /opt/petra_iam_big_project/my_ldap_dashboard/vendor/livewire/livewire/src/Mechanisms/ExtendBlade/ExtendedCompilerEngine.php(40): Livewire\\Mechanisms\\ExtendBlade\\ExtendedCompilerEngine->handleViewException()
#2 /opt/petra_iam_big_project/my_ldap_dashboard/vendor/laravel/framework/src/Illuminate/View/Engines/CompilerEngine.php(76): Livewire\\Mechanisms\\ExtendBlade\\ExtendedCompilerEngine->evaluatePath()
#3 /opt/petra_iam_big_project/my_ldap_dashboard/vendor/livewire/livewire/src/Mechanisms/ExtendBlade/ExtendedCompilerEngine.php(16): Illuminate\\View\\Engines\\CompilerEngine->get()
#4 /opt/petra_iam_big_project/my_ldap_dashboard/vendor/laravel/framework/src/Illuminate/View/View.php(208): Livewire\\Mechanisms\\ExtendBlade\\ExtendedCompilerEngine->get()
#5 /opt/petra_iam_big_project/my_ldap_dashboard/vendor/laravel/framework/src/Illuminate/View/View.php(191): Illuminate\\View\\View->getContents()
#6 /opt/petra_iam_big_project/my_ldap_dashboard/vendor/laravel/framework/src/Illuminate/View/View.php(160): Illuminate\\View\\View->renderContents()
#7 /opt/petra_iam_big_project/my_ldap_dashboard/vendor/filament/actions/src/Action.php(755): Illuminate\\View\\View->render()
#8 /opt/petra_iam_big_project/my_ldap_dashboard/storage/app/public/framework/views/5bf1ef960fa1a42e3d2ebcb35221d062.php(11): Filament\\Actions\\Action->toModalHtmlable()
#9 /opt/petra_iam_big_project/my_ldap_dashboard/vendor/livewire/livewire/src/Mechanisms/ExtendBlade/ExtendedCompilerEngine.php(37): include('...')
#10 /opt/petra_iam_big_project/my_ldap_dashboard/vendor/livewire/livewire/src/Mechanisms/ExtendBlade/ExtendedCompilerEngine.php(38): App\\Filament\\Resources\\Directory\\DirectoryObjectManagerResource\\Pages\\ListDirectoryObjects->{closure:Livewire\\Mechanisms\\ExtendBlade\\ExtendedCompilerEngine::evaluatePath():35}()
#11 /opt/petra_iam_big_project/my_ldap_dashboard/vendor/laravel/framework/src/Illuminate/View/Engines/CompilerEngine.php(76): Livewire\\Mechanisms\\ExtendBlade\\ExtendedCompilerEngine->evaluatePath()
#12 /opt/petra_iam_big_project/my_ldap_dashboard/vendor/livewire/livewire/src/Mechanisms/ExtendBlade/ExtendedCompilerEngine.php(16): Illuminate\\View\\Engines\\CompilerEngine->get()
#13 /opt/petra_iam_big_project/my_ldap_dashboard/vendor/laravel/framework/src/Illuminate/View/View.php(208): Livewire\\Mechanisms\\ExtendBlade\\ExtendedCompilerEngine->get()
#14 /opt/petra_iam_big_project/my_ldap_dashboard/vendor/laravel/framework/src/Illuminate/View/View.php(191): Illuminate\\View\\View->getContents()
#15 /opt/petra_iam_big_project/my_ldap_dashboard/vendor/laravel/framework/src/Illuminate/View/View.php(160): Illuminate\\View\\View->renderContents()
#16 /opt/petra_iam_big_project/my_ldap_dashboard/vendor/filament/support/src/Livewire/Partials/PartialsComponentHook.php(134): Illuminate\\View\\View->render()
#17 /opt/petra_iam_big_project/my_ldap_dashboard/vendor/filament/support/src/Livewire/Partials/PartialsComponentHook.php(183): Filament\\Support\\Livewire\\Partials\\PartialsComponentHook->{closure:Filament\\Support\\Livewire\\Partials\\PartialsComponentHook::dehydrate():122}()
#18 /opt/petra_iam_big_project/my_ldap_dashboard/vendor/livewire/livewire/src/ComponentHook.php(75): Filament\\Support\\Livewire\\Partials\\PartialsComponentHook->dehydrate()
#19 /opt/petra_iam_big_project/my_ldap_dashboard/vendor/livewire/livewire/src/ComponentHookRegistry.php(114): Livewire\\ComponentHook->callDehydrate()
#20 /opt/petra_iam_big_project/my_ldap_dashboard/vendor/livewire/livewire/src/ComponentHookRegistry.php(77): Livewire\\ComponentHookRegistry::{closure:Livewire\\ComponentHookRegistry::proxyCallToHooks():110}()
#21 /opt/petra_iam_big_project/my_ldap_dashboard/vendor/livewire/livewire/src/EventBus.php(87): Livewire\\ComponentHookRegistry::{closure:Livewire\\ComponentHookRegistry::boot():76}()
#22 /opt/petra_iam_big_project/my_ldap_dashboard/vendor/livewire/livewire/src/helpers.php(98): Livewire\\EventBus->trigger()
#23 /opt/petra_iam_big_project/my_ldap_dashboard/vendor/livewire/livewire/src/Mechanisms/HandleComponents/HandleComponents.php(249): Livewire\\trigger()
#24 /opt/petra_iam_big_project/my_ldap_dashboard/vendor/livewire/livewire/src/LivewireManager.php(131): Livewire\\Mechanisms\\HandleComponents\\HandleComponents->update()
#25 /opt/petra_iam_big_project/my_ldap_dashboard/vendor/livewire/livewire/src/Mechanisms/HandleRequests/HandleRequests.php(202): Livewire\\LivewireManager->update()
#26 /opt/petra_iam_big_project/my_ldap_dashboard/vendor/laravel/framework/src/Illuminate/Routing/ControllerDispatcher.php(46): Livewire\\Mechanisms\\HandleRequests\\HandleRequests->handleUpdate()
#27 /opt/petra_iam_big_project/my_ldap_dashboard/vendor/laravel/framework/src/Illuminate/Routing/Route.php(269): Illuminate\\Routing\\ControllerDispatcher->dispatch()
#28 /opt/petra_iam_big_project/my_ldap_dashboard/vendor/laravel/framework/src/Illuminate/Routing/Route.php(215): Illuminate\\Routing\\Route->runController()
#29 /opt/petra_iam_big_project/my_ldap_dashboard/vendor/laravel/framework/src/Illuminate/Routing/Router.php(822): Illuminate\\Routing\\Route->run()
#30 /opt/petra_iam_big_project/my_ldap_dashboard/vendor/laravel/framework/src/Illuminate/Pipeline/Pipeline.php(180): Illuminate\\Routing\\Router->{closure:Illuminate\\Routing\\Router::runRouteWithinStack():821}()
#31 /opt/petra_iam_big_project/my_ldap_dashboard/vendor/livewire/livewire/src/Mechanisms/HandleRequests/RequireLivewireHeaders.php(19): Illuminate\\Pipeline\\Pipeline->{closure:Illuminate\\Pipeline\\Pipeline::prepareDestination():178}()
#32 /opt/petra_iam_big_project/my_ldap_dashboard/vendor/laravel/framework/src/Illuminate/Pipeline/Pipeline.php(219): Livewire\\Mechanisms\\HandleRequests\\RequireLivewireHeaders->handle()
#33 /opt/petra_iam_big_project/my_ldap_dashboard/vendor/laravel/framework/src/Illuminate/Routing/Middleware/SubstituteBindings.php(52): Illuminate\\Pipeline\\Pipeline->{closure:{closure:Illuminate\\Pipeline\\Pipeline::carry():194}:195}()
#34 /opt/petra_iam_big_project/my_ldap_dashboard/vendor/laravel/framework/src/Illuminate/Pipeline/Pipeline.php(219): Illuminate\\Routing\\Middleware\\SubstituteBindings->handle()
#35 /opt/petra_iam_big_project/my_ldap_dashboard/vendor/laravel/framework/src/Illuminate/Foundation/Http/Middleware/PreventRequestForgery.php(104): Illuminate\\Pipeline\\Pipeline->{closure:{closure:Illuminate\\Pipeline\\Pipeline::carry():194}:195}()
#36 /opt/petra_iam_big_project/my_ldap_dashboard/vendor/laravel/framework/src/Illuminate/Pipeline/Pipeline.php(219): Illuminate\\Foundation\\Http\\Middleware\\PreventRequestForgery->handle()
#37 /opt/petra_iam_big_project/my_ldap_dashboard/vendor/laravel/framework/src/Illuminate/View/Middleware/ShareErrorsFromSession.php(48): Illuminate\\Pipeline\\Pipeline->{closure:{closure:Illuminate\\Pipeline\\Pipeline::carry():194}:195}()
#38 /opt/petra_iam_big_project/my_ldap_dashboard/vendor/laravel/framework/src/Illuminate/Pipeline/Pipeline.php(219): Illuminate\\View\\Middleware\\ShareErrorsFromSession->handle()
#39 /opt/petra_iam_big_project/my_ldap_dashboard/vendor/laravel/framework/src/Illuminate/Session/Middleware/StartSession.php(120): Illuminate\\Pipeline\\Pipeline->{closure:{closure:Illuminate\\Pipeline\\Pipeline::carry():194}:195}()
#40 /opt/petra_iam_big_project/my_ldap_dashboard/vendor/laravel/framework/src/Illuminate/Session/Middleware/StartSession.php(63): Illuminate\\Session\\Middleware\\StartSession->handleStatefulRequest()
#41 /opt/petra_iam_big_project/my_ldap_dashboard/vendor/laravel/framework/src/Illuminate/Pipeline/Pipeline.php(219): Illuminate\\Session\\Middleware\\StartSession->handle()
#42 /opt/petra_iam_big_project/my_ldap_dashboard/vendor/laravel/framework/src/Illuminate/Cookie/Middleware/AddQueuedCookiesToResponse.php(36): Illuminate\\Pipeline\\Pipeline->{closure:{closure:Illuminate\\Pipeline\\Pipeline::carry():194}:195}()
#43 /opt/petra_iam_big_project/my_ldap_dashboard/vendor/laravel/framework/src/Illuminate/Pipeline/Pipeline.php(219): Illuminate\\Cookie\\Middleware\\AddQueuedCookiesToResponse->handle()
#44 /opt/petra_iam_big_project/my_ldap_dashboard/vendor/laravel/framework/src/Illuminate/Cookie/Middleware/EncryptCookies.php(74): Illuminate\\Pipeline\\Pipeline->{closure:{closure:Illuminate\\Pipeline\\Pipeline::carry():194}:195}()
#45 /opt/petra_iam_big_project/my_ldap_dashboard/vendor/laravel/framework/src/Illuminate/Pipeline/Pipeline.php(219): Illuminate\\Cookie\\Middleware\\EncryptCookies->handle()
#46 /opt/petra_iam_big_project/my_ldap_dashboard/vendor/laravel/framework/src/Illuminate/Pipeline/Pipeline.php(137): Illuminate\\Pipeline\\Pipeline->{closure:{closure:Illuminate\\Pipeline\\Pipeline::carry():194}:195}()
#47 /opt/petra_iam_big_project/my_ldap_dashboard/vendor/laravel/framework/src/Illuminate/Routing/Router.php(821): Illuminate\\Pipeline\\Pipeline->then()
#48 /opt/petra_iam_big_project/my_ldap_dashboard/vendor/laravel/framework/src/Illuminate/Routing/Router.php(800): Illuminate\\Routing\\Router->runRouteWithinStack()
#49 /opt/petra_iam_big_project/my_ldap_dashboard/vendor/laravel/framework/src/Illuminate/Routing/Router.php(764): Illuminate\\Routing\\Router->runRoute()
#50 /opt/petra_iam_big_project/my_ldap_dashboard/vendor/laravel/framework/src/Illuminate/Routing/Router.php(753): Illuminate\\Routing\\Router->dispatchToRoute()
#51 /opt/petra_iam_big_project/my_ldap_dashboard/vendor/laravel/framework/src/Illuminate/Foundation/Http/Kernel.php(200): Illuminate\\Routing\\Router->dispatch()
#52 /opt/petra_iam_big_project/my_ldap_dashboard/vendor/laravel/framework/src/Illuminate/Pipeline/Pipeline.php(180): Illuminate\\Foundation\\Http\\Kernel->{closure:Illuminate\\Foundation\\Http\\Kernel::dispatchToRouter():197}()
#53 /opt/petra_iam_big_project/my_ldap_dashboard/vendor/livewire/livewire/src/Features/SupportDisablingBackButtonCache/DisableBackButtonCacheMiddleware.php(19): Illuminate\\Pipeline\\Pipeline->{closure:Illuminate\\Pipeline\\Pipeline::prepareDestination():178}()
#54 /opt/petra_iam_big_project/my_ldap_dashboard/vendor/laravel/framework/src/Illuminate/Pipeline/Pipeline.php(219): Livewire\\Features\\SupportDisablingBackButtonCache\\DisableBackButtonCacheMiddleware->handle()
#55 /opt/petra_iam_big_project/my_ldap_dashboard/vendor/laravel/framework/src/Illuminate/Foundation/Http/Middleware/ConvertEmptyStringsToNull.php(27): Illuminate\\Pipeline\\Pipeline->{closure:{closure:Illuminate\\Pipeline\\Pipeline::carry():194}:195}()
#56 /opt/petra_iam_big_project/my_ldap_dashboard/vendor/laravel/framework/src/Illuminate/Pipeline/Pipeline.php(219): Illuminate\\Foundation\\Http\\Middleware\\ConvertEmptyStringsToNull->handle()
#57 /opt/petra_iam_big_project/my_ldap_dashboard/vendor/laravel/framework/src/Illuminate/Foundation/Http/Middleware/TrimStrings.php(47): Illuminate\\Pipeline\\Pipeline->{closure:{closure:Illuminate\\Pipeline\\Pipeline::carry():194}:195}()
#58 /opt/petra_iam_big_project/my_ldap_dashboard/vendor/laravel/framework/src/Illuminate/Pipeline/Pipeline.php(219): Illuminate\\Foundation\\Http\\Middleware\\TrimStrings->handle()
#59 /opt/petra_iam_big_project/my_ldap_dashboard/vendor/laravel/framework/src/Illuminate/Http/Middleware/ValidatePostSize.php(27): Illuminate\\Pipeline\\Pipeline->{closure:{closure:Illuminate\\Pipeline\\Pipeline::carry():194}:195}()
#60 /opt/petra_iam_big_project/my_ldap_dashboard/vendor/laravel/framework/src/Illuminate/Pipeline/Pipeline.php(219): Illuminate\\Http\\Middleware\\ValidatePostSize->handle()
#61 /opt/petra_iam_big_project/my_ldap_dashboard/vendor/laravel/framework/src/Illuminate/Foundation/Http/Middleware/PreventRequestsDuringMaintenance.php(109): Illuminate\\Pipeline\\Pipeline->{closure:{closure:Illuminate\\Pipeline\\Pipeline::carry():194}:195}()
#62 /opt/petra_iam_big_project/my_ldap_dashboard/vendor/laravel/framework/src/Illuminate/Pipeline/Pipeline.php(219): Illuminate\\Foundation\\Http\\Middleware\\PreventRequestsDuringMaintenance->handle()
#63 /opt/petra_iam_big_project/my_ldap_dashboard/vendor/laravel/framework/src/Illuminate/Http/Middleware/HandleCors.php(61): Illuminate\\Pipeline\\Pipeline->{closure:{closure:Illuminate\\Pipeline\\Pipeline::carry():194}:195}()
#64 /opt/petra_iam_big_project/my_ldap_dashboard/vendor/laravel/framework/src/Illuminate/Pipeline/Pipeline.php(219): Illuminate\\Http\\Middleware\\HandleCors->handle()
#65 /opt/petra_iam_big_project/my_ldap_dashboard/vendor/laravel/framework/src/Illuminate/Http/Middleware/TrustProxies.php(58): Illuminate\\Pipeline\\Pipeline->{closure:{closure:Illuminate\\Pipeline\\Pipeline::carry():194}:195}()
#66 /opt/petra_iam_big_project/my_ldap_dashboard/vendor/laravel/framework/src/Illuminate/Pipeline/Pipeline.php(219): Illuminate\\Http\\Middleware\\TrustProxies->handle()
#67 /opt/petra_iam_big_project/my_ldap_dashboard/vendor/laravel/framework/src/Illuminate/Foundation/Http/Middleware/InvokeDeferredCallbacks.php(22): Illuminate\\Pipeline\\Pipeline->{closure:{closure:Illuminate\\Pipeline\\Pipeline::carry():194}:195}()
#68 /opt/petra_iam_big_project/my_ldap_dashboard/vendor/laravel/framework/src/Illuminate/Pipeline/Pipeline.php(219): Illuminate\\Foundation\\Http\\Middleware\\InvokeDeferredCallbacks->handle()
#69 /opt/petra_iam_big_project/my_ldap_dashboard/vendor/laravel/framework/src/Illuminate/Http/Middleware/ValidatePathEncoding.php(28): Illuminate\\Pipeline\\Pipeline->{closure:{closure:Illuminate\\Pipeline\\Pipeline::carry():194}:195}()
#70 /opt/petra_iam_big_project/my_ldap_dashboard/vendor/laravel/framework/src/Illuminate/Pipeline/Pipeline.php(219): Illuminate\\Http\\Middleware\\ValidatePathEncoding->handle()
#71 /opt/petra_iam_big_project/my_ldap_dashboard/vendor/laravel/framework/src/Illuminate/Pipeline/Pipeline.php(137): Illuminate\\Pipeline\\Pipeline->{closure:{closure:Illuminate\\Pipeline\\Pipeline::carry():194}:195}()
#72 /opt/petra_iam_big_project/my_ldap_dashboard/vendor/laravel/framework/src/Illuminate/Foundation/Http/Kernel.php(175): Illuminate\\Pipeline\\Pipeline->then()
#73 /opt/petra_iam_big_project/my_ldap_dashboard/vendor/laravel/framework/src/Illuminate/Foundation/Http/Kernel.php(144): Illuminate\\Foundation\\Http\\Kernel->sendRequestThroughRouter()
#74 /opt/petra_iam_big_project/my_ldap_dashboard/vendor/laravel/framework/src/Illuminate/Foundation/Application.php(1220): Illuminate\\Foundation\\Http\\Kernel->handle()
#75 /opt/petra_iam_big_project/my_ldap_dashboard/public/index.php(20): Illuminate\\Foundation\\Application->handleRequest()
#76 /opt/petra_iam_big_project/my_ldap_dashboard/vendor/laravel/framework/src/Illuminate/Foundation/resources/server.php(23): require_once('...')
#77 {main}

[previous exception] [object] (Illuminate\\View\\ViewException(code: 0): App\\Support\\Directory\\LdapSchemaObjectClassHelper::objectClasses(): Return value must be of type Illuminate\\Support\\Collection, __PHP_Incomplete_Class returned (View: /opt/petra_iam_big_project/my_ldap_dashboard/vendor/filament/forms/resources/views/components/select.blade.php) at /opt/petra_iam_big_project/my_ldap_dashboard/app/Support/Directory/LdapSchemaObjectClassHelper.php:107)
[stacktrace]
#0 /opt/petra_iam_big_project/my_ldap_dashboard/vendor/livewire/livewire/src/Mechanisms/ExtendBlade/ExtendedCompilerEngine.php(58): Illuminate\\View\\Engines\\CompilerEngine->handleViewException()
#1 /opt/petra_iam_big_project/my_ldap_dashboard/vendor/livewire/livewire/src/Mechanisms/ExtendBlade/ExtendedCompilerEngine.php(40): Livewire\\Mechanisms\\ExtendBlade\\ExtendedCompilerEngine->handleViewException()
#2 /opt/petra_iam_big_project/my_ldap_dashboard/vendor/laravel/framework/src/Illuminate/View/Engines/CompilerEngine.php(76): Livewire\\Mechanisms\\ExtendBlade\\ExtendedCompilerEngine->evaluatePath()
#3 /opt/petra_iam_big_project/my_ldap_dashboard/vendor/livewire/livewire/src/Mechanisms/ExtendBlade/ExtendedCompilerEngine.php(16): Illuminate\\View\\Engines\\CompilerEngine->get()
#4 /opt/petra_iam_big_project/my_ldap_dashboard/vendor/laravel/framework/src/Illuminate/View/View.php(208): Livewire\\Mechanisms\\ExtendBlade\\ExtendedCompilerEngine->get()
#5 /opt/petra_iam_big_project/my_ldap_dashboard/vendor/laravel/framework/src/Illuminate/View/View.php(191): Illuminate\\View\\View->getContents()
#6 /opt/petra_iam_big_project/my_ldap_dashboard/vendor/laravel/framework/src/Illuminate/View/View.php(160): Illuminate\\View\\View->renderContents()
#7 /opt/petra_iam_big_project/my_ldap_dashboard/vendor/filament/support/src/Components/ViewComponent.php(125): Illuminate\\View\\View->render()
#8 /opt/petra_iam_big_project/my_ldap_dashboard/vendor/filament/schemas/src/Components/Component.php(219): Filament\\Support\\Components\\ViewComponent->toHtml()
#9 /opt/petra_iam_big_project/my_ldap_dashboard/vendor/filament/schemas/src/Schema.php(204): Filament\\Schemas\\Components\\Component->toSchemaHtml()
#10 /opt/petra_iam_big_project/my_ldap_dashboard/vendor/filament/support/src/Components/ViewComponent.php(122): Filament\\Schemas\\Schema->toEmbeddedHtml()
#11 /opt/petra_iam_big_project/my_ldap_dashboard/vendor/laravel/framework/src/Illuminate/Support/helpers.php(131): Filament\\Support\\Components\\ViewComponent->toHtml()
#12 /opt/petra_iam_big_project/my_ldap_dashboard/storage/app/public/framework/views/762626050b16ff1d97c8897bbdb8e42e.php(53): e()
#13 /opt/petra_iam_big_project/my_ldap_dashboard/vendor/livewire/livewire/src/Mechanisms/ExtendBlade/ExtendedCompilerEngine.php(37): include('...')
#14 /opt/petra_iam_big_project/my_ldap_dashboard/vendor/livewire/livewire/src/Mechanisms/ExtendBlade/ExtendedCompilerEngine.php(38): App\\Filament\\Resources\\Directory\\DirectoryObjectManagerResource\\Pages\\ListDirectoryObjects->{closure:Livewire\\Mechanisms\\ExtendBlade\\ExtendedCompilerEngine::evaluatePath():35}()
#15 /opt/petra_iam_big_project/my_ldap_dashboard/vendor/laravel/framework/src/Illuminate/View/Engines/CompilerEngine.php(76): Livewire\\Mechanisms\\ExtendBlade\\ExtendedCompilerEngine->evaluatePath()
#16 /opt/petra_iam_big_project/my_ldap_dashboard/vendor/livewire/livewire/src/Mechanisms/ExtendBlade/ExtendedCompilerEngine.php(16): Illuminate\\View\\Engines\\CompilerEngine->get()
#17 /opt/petra_iam_big_project/my_ldap_dashboard/vendor/laravel/framework/src/Illuminate/View/View.php(208): Livewire\\Mechanisms\\ExtendBlade\\ExtendedCompilerEngine->get()
#18 /opt/petra_iam_big_project/my_ldap_dashboard/vendor/laravel/framework/src/Illuminate/View/View.php(191): Illuminate\\View\\View->getContents()
#19 /opt/petra_iam_big_project/my_ldap_dashboard/vendor/laravel/framework/src/Illuminate/View/View.php(160): Illuminate\\View\\View->renderContents()
#20 /opt/petra_iam_big_project/my_ldap_dashboard/vendor/filament/actions/src/Action.php(755): Illuminate\\View\\View->render()
#21 /opt/petra_iam_big_project/my_ldap_dashboard/storage/app/public/framework/views/5bf1ef960fa1a42e3d2ebcb35221d062.php(11): Filament\\Actions\\Action->toModalHtmlable()
#22 /opt/petra_iam_big_project/my_ldap_dashboard/vendor/livewire/livewire/src/Mechanisms/ExtendBlade/ExtendedCompilerEngine.php(37): include('...')
#23 /opt/petra_iam_big_project/my_ldap_dashboard/vendor/livewire/livewire/src/Mechanisms/ExtendBlade/ExtendedCompilerEngine.php(38): App\\Filament\\Resources\\Directory\\DirectoryObjectManagerResource\\Pages\\ListDirectoryObjects->{closure:Livewire\\Mechanisms\\ExtendBlade\\ExtendedCompilerEngine::evaluatePath():35}()
#24 /opt/petra_iam_big_project/my_ldap_dashboard/vendor/laravel/framework/src/Illuminate/View/Engines/CompilerEngine.php(76): Livewire\\Mechanisms\\ExtendBlade\\ExtendedCompilerEngine->evaluatePath()
#25 /opt/petra_iam_big_project/my_ldap_dashboard/vendor/livewire/livewire/src/Mechanisms/ExtendBlade/ExtendedCompilerEngine.php(16): Illuminate\\View\\Engines\\CompilerEngine->get()
#26 /opt/petra_iam_big_project/my_ldap_dashboard/vendor/laravel/framework/src/Illuminate/View/View.php(208): Livewire\\Mechanisms\\ExtendBlade\\ExtendedCompilerEngine->get()
#27 /opt/petra_iam_big_project/my_ldap_dashboard/vendor/laravel/framework/src/Illuminate/View/View.php(191): Illuminate\\View\\View->getContents()
#28 /opt/petra_iam_big_project/my_ldap_dashboard/vendor/laravel/framework/src/Illuminate/View/View.php(160): Illuminate\\View\\View->renderContents()
#29 /opt/petra_iam_big_project/my_ldap_dashboard/vendor/filament/support/src/Livewire/Partials/PartialsComponentHook.php(134): Illuminate\\View\\View->render()
#30 /opt/petra_iam_big_project/my_ldap_dashboard/vendor/filament/support/src/Livewire/Partials/PartialsComponentHook.php(183): Filament\\Support\\Livewire\\Partials\\PartialsComponentHook->{closure:Filament\\Support\\Livewire\\Partials\\PartialsComponentHook::dehydrate():122}()
#31 /opt/petra_iam_big_project/my_ldap_dashboard/vendor/livewire/livewire/src/ComponentHook.php(75): Filament\\Support\\Livewire\\Partials\\PartialsComponentHook->dehydrate()
#32 /opt/petra_iam_big_project/my_ldap_dashboard/vendor/livewire/livewire/src/ComponentHookRegistry.php(114): Livewire\\ComponentHook->callDehydrate()
#33 /opt/petra_iam_big_project/my_ldap_dashboard/vendor/livewire/livewire/src/ComponentHookRegistry.php(77): Livewire\\ComponentHookRegistry::{closure:Livewire\\ComponentHookRegistry::proxyCallToHooks():110}()
#34 /opt/petra_iam_big_project/my_ldap_dashboard/vendor/livewire/livewire/src/EventBus.php(87): Livewire\\ComponentHookRegistry::{closure:Livewire\\ComponentHookRegistry::boot():76}()
#35 /opt/petra_iam_big_project/my_ldap_dashboard/vendor/livewire/livewire/src/helpers.php(98): Livewire\\EventBus->trigger()
#36 /opt/petra_iam_big_project/my_ldap_dashboard/vendor/livewire/livewire/src/Mechanisms/HandleComponents/HandleComponents.php(249): Livewire\\trigger()
#37 /opt/petra_iam_big_project/my_ldap_dashboard/vendor/livewire/livewire/src/LivewireManager.php(131): Livewire\\Mechanisms\\HandleComponents\\HandleComponents->update()
#38 /opt/petra_iam_big_project/my_ldap_dashboard/vendor/livewire/livewire/src/Mechanisms/HandleRequests/HandleRequests.php(202): Livewire\\LivewireManager->update()
#39 /opt/petra_iam_big_project/my_ldap_dashboard/vendor/laravel/framework/src/Illuminate/Routing/ControllerDispatcher.php(46): Livewire\\Mechanisms\\HandleRequests\\HandleRequests->handleUpdate()
#40 /opt/petra_iam_big_project/my_ldap_dashboard/vendor/laravel/framework/src/Illuminate/Routing/Route.php(269): Illuminate\\Routing\\ControllerDispatcher->dispatch()
#41 /opt/petra_iam_big_project/my_ldap_dashboard/vendor/laravel/framework/src/Illuminate/Routing/Route.php(215): Illuminate\\Routing\\Route->runController()
#42 /opt/petra_iam_big_project/my_ldap_dashboard/vendor/laravel/framework/src/Illuminate/Routing/Router.php(822): Illuminate\\Routing\\Route->run()
#43 /opt/petra_iam_big_project/my_ldap_dashboard/vendor/laravel/framework/src/Illuminate/Pipeline/Pipeline.php(180): Illuminate\\Routing\\Router->{closure:Illuminate\\Routing\\Router::runRouteWithinStack():821}()
#44 /opt/petra_iam_big_project/my_ldap_dashboard/vendor/livewire/livewire/src/Mechanisms/HandleRequests/RequireLivewireHeaders.php(19): Illuminate\\Pipeline\\Pipeline->{closure:Illuminate\\Pipeline\\Pipeline::prepareDestination():178}()
#45 /opt/petra_iam_big_project/my_ldap_dashboard/vendor/laravel/framework/src/Illuminate/Pipeline/Pipeline.php(219): Livewire\\Mechanisms\\HandleRequests\\RequireLivewireHeaders->handle()
#46 /opt/petra_iam_big_project/my_ldap_dashboard/vendor/laravel/framework/src/Illuminate/Routing/Middleware/SubstituteBindings.php(52): Illuminate\\Pipeline\\Pipeline->{closure:{closure:Illuminate\\Pipeline\\Pipeline::carry():194}:195}()
#47 /opt/petra_iam_big_project/my_ldap_dashboard/vendor/laravel/framework/src/Illuminate/Pipeline/Pipeline.php(219): Illuminate\\Routing\\Middleware\\SubstituteBindings->handle()
#48 /opt/petra_iam_big_project/my_ldap_dashboard/vendor/laravel/framework/src/Illuminate/Foundation/Http/Middleware/PreventRequestForgery.php(104): Illuminate\\Pipeline\\Pipeline->{closure:{closure:Illuminate\\Pipeline\\Pipeline::carry():194}:195}()
#49 /opt/petra_iam_big_project/my_ldap_dashboard/vendor/laravel/framework/src/Illuminate/Pipeline/Pipeline.php(219): Illuminate\\Foundation\\Http\\Middleware\\PreventRequestForgery->handle()
#50 /opt/petra_iam_big_project/my_ldap_dashboard/vendor/laravel/framework/src/Illuminate/View/Middleware/ShareErrorsFromSession.php(48): Illuminate\\Pipeline\\Pipeline->{closure:{closure:Illuminate\\Pipeline\\Pipeline::carry():194}:195}()
#51 /opt/petra_iam_big_project/my_ldap_dashboard/vendor/laravel/framework/src/Illuminate/Pipeline/Pipeline.php(219): Illuminate\\View\\Middleware\\ShareErrorsFromSession->handle()
#52 /opt/petra_iam_big_project/my_ldap_dashboard/vendor/laravel/framework/src/Illuminate/Session/Middleware/StartSession.php(120): Illuminate\\Pipeline\\Pipeline->{closure:{closure:Illuminate\\Pipeline\\Pipeline::carry():194}:195}()
#53 /opt/petra_iam_big_project/my_ldap_dashboard/vendor/laravel/framework/src/Illuminate/Session/Middleware/StartSession.php(63): Illuminate\\Session\\Middleware\\StartSession->handleStatefulRequest()
#54 /opt/petra_iam_big_project/my_ldap_dashboard/vendor/laravel/framework/src/Illuminate/Pipeline/Pipeline.php(219): Illuminate\\Session\\Middleware\\StartSession->handle()
#55 /opt/petra_iam_big_project/my_ldap_dashboard/vendor/laravel/framework/src/Illuminate/Cookie/Middleware/AddQueuedCookiesToResponse.php(36): Illuminate\\Pipeline\\Pipeline->{closure:{closure:Illuminate\\Pipeline\\Pipeline::carry():194}:195}()
#56 /opt/petra_iam_big_project/my_ldap_dashboard/vendor/laravel/framework/src/Illuminate/Pipeline/Pipeline.php(219): Illuminate\\Cookie\\Middleware\\AddQueuedCookiesToResponse->handle()
#57 /opt/petra_iam_big_project/my_ldap_dashboard/vendor/laravel/framework/src/Illuminate/Cookie/Middleware/EncryptCookies.php(74): Illuminate\\Pipeline\\Pipeline->{closure:{closure:Illuminate\\Pipeline\\Pipeline::carry():194}:195}()
#58 /opt/petra_iam_big_project/my_ldap_dashboard/vendor/laravel/framework/src/Illuminate/Pipeline/Pipeline.php(219): Illuminate\\Cookie\\Middleware\\EncryptCookies->handle()
#59 /opt/petra_iam_big_project/my_ldap_dashboard/vendor/laravel/framework/src/Illuminate/Pipeline/Pipeline.php(137): Illuminate\\Pipeline\\Pipeline->{closure:{closure:Illuminate\\Pipeline\\Pipeline::carry():194}:195}()
#60 /opt/petra_iam_big_project/my_ldap_dashboard/vendor/laravel/framework/src/Illuminate/Routing/Router.php(821): Illuminate\\Pipeline\\Pipeline->then()
#61 /opt/petra_iam_big_project/my_ldap_dashboard/vendor/laravel/framework/src/Illuminate/Routing/Router.php(800): Illuminate\\Routing\\Router->runRouteWithinStack()
#62 /opt/petra_iam_big_project/my_ldap_dashboard/vendor/laravel/framework/src/Illuminate/Routing/Router.php(764): Illuminate\\Routing\\Router->runRoute()
#63 /opt/petra_iam_big_project/my_ldap_dashboard/vendor/laravel/framework/src/Illuminate/Routing/Router.php(753): Illuminate\\Routing\\Router->dispatchToRoute()
#64 /opt/petra_iam_big_project/my_ldap_dashboard/vendor/laravel/framework/src/Illuminate/Foundation/Http/Kernel.php(200): Illuminate\\Routing\\Router->dispatch()
#65 /opt/petra_iam_big_project/my_ldap_dashboard/vendor/laravel/framework/src/Illuminate/Pipeline/Pipeline.php(180): Illuminate\\Foundation\\Http\\Kernel->{closure:Illuminate\\Foundation\\Http\\Kernel::dispatchToRouter():197}()
#66 /opt/petra_iam_big_project/my_ldap_dashboard/vendor/livewire/livewire/src/Features/SupportDisablingBackButtonCache/DisableBackButtonCacheMiddleware.php(19): Illuminate\\Pipeline\\Pipeline->{closure:Illuminate\\Pipeline\\Pipeline::prepareDestination():178}()
#67 /opt/petra_iam_big_project/my_ldap_dashboard/vendor/laravel/framework/src/Illuminate/Pipeline/Pipeline.php(219): Livewire\\Features\\SupportDisablingBackButtonCache\\DisableBackButtonCacheMiddleware->handle()
#68 /opt/petra_iam_big_project/my_ldap_dashboard/vendor/laravel/framework/src/Illuminate/Foundation/Http/Middleware/ConvertEmptyStringsToNull.php(27): Illuminate\\Pipeline\\Pipeline->{closure:{closure:Illuminate\\Pipeline\\Pipeline::carry():194}:195}()
#69 /opt/petra_iam_big_project/my_ldap_dashboard/vendor/laravel/framework/src/Illuminate/Pipeline/Pipeline.php(219): Illuminate\\Foundation\\Http\\Middleware\\ConvertEmptyStringsToNull->handle()
#70 /opt/petra_iam_big_project/my_ldap_dashboard/vendor/laravel/framework/src/Illuminate/Foundation/Http/Middleware/TrimStrings.php(47): Illuminate\\Pipeline\\Pipeline->{closure:{closure:Illuminate\\Pipeline\\Pipeline::carry():194}:195}()
#71 /opt/petra_iam_big_project/my_ldap_dashboard/vendor/laravel/framework/src/Illuminate/Pipeline/Pipeline.php(219): Illuminate\\Foundation\\Http\\Middleware\\TrimStrings->handle()
#72 /opt/petra_iam_big_project/my_ldap_dashboard/vendor/laravel/framework/src/Illuminate/Http/Middleware/ValidatePostSize.php(27): Illuminate\\Pipeline\\Pipeline->{closure:{closure:Illuminate\\Pipeline\\Pipeline::carry():194}:195}()
#73 /opt/petra_iam_big_project/my_ldap_dashboard/vendor/laravel/framework/src/Illuminate/Pipeline/Pipeline.php(219): Illuminate\\Http\\Middleware\\ValidatePostSize->handle()
#74 /opt/petra_iam_big_project/my_ldap_dashboard/vendor/laravel/framework/src/Illuminate/Foundation/Http/Middleware/PreventRequestsDuringMaintenance.php(109): Illuminate\\Pipeline\\Pipeline->{closure:{closure:Illuminate\\Pipeline\\Pipeline::carry():194}:195}()
#75 /opt/petra_iam_big_project/my_ldap_dashboard/vendor/laravel/framework/src/Illuminate/Pipeline/Pipeline.php(219): Illuminate\\Foundation\\Http\\Middleware\\PreventRequestsDuringMaintenance->handle()
#76 /opt/petra_iam_big_project/my_ldap_dashboard/vendor/laravel/framework/src/Illuminate/Http/Middleware/HandleCors.php(61): Illuminate\\Pipeline\\Pipeline->{closure:{closure:Illuminate\\Pipeline\\Pipeline::carry():194}:195}()
#77 /opt/petra_iam_big_project/my_ldap_dashboard/vendor/laravel/framework/src/Illuminate/Pipeline/Pipeline.php(219): Illuminate\\Http\\Middleware\\HandleCors->handle()
#78 /opt/petra_iam_big_project/my_ldap_dashboard/vendor/laravel/framework/src/Illuminate/Http/Middleware/TrustProxies.php(58): Illuminate\\Pipeline\\Pipeline->{closure:{closure:Illuminate\\Pipeline\\Pipeline::carry():194}:195}()
#79 /opt/petra_iam_big_project/my_ldap_dashboard/vendor/laravel/framework/src/Illuminate/Pipeline/Pipeline.php(219): Illuminate\\Http\\Middleware\\TrustProxies->handle()
#80 /opt/petra_iam_big_project/my_ldap_dashboard/vendor/laravel/framework/src/Illuminate/Foundation/Http/Middleware/InvokeDeferredCallbacks.php(22): Illuminate\\Pipeline\\Pipeline->{closure:{closure:Illuminate\\Pipeline\\Pipeline::carry():194}:195}()
#81 /opt/petra_iam_big_project/my_ldap_dashboard/vendor/laravel/framework/src/Illuminate/Pipeline/Pipeline.php(219): Illuminate\\Foundation\\Http\\Middleware\\InvokeDeferredCallbacks->handle()
#82 /opt/petra_iam_big_project/my_ldap_dashboard/vendor/laravel/framework/src/Illuminate/Http/Middleware/ValidatePathEncoding.php(28): Illuminate\\Pipeline\\Pipeline->{closure:{closure:Illuminate\\Pipeline\\Pipeline::carry():194}:195}()
#83 /opt/petra_iam_big_project/my_ldap_dashboard/vendor/laravel/framework/src/Illuminate/Pipeline/Pipeline.php(219): Illuminate\\Http\\Middleware\\ValidatePathEncoding->handle()
#84 /opt/petra_iam_big_project/my_ldap_dashboard/vendor/laravel/framework/src/Illuminate/Pipeline/Pipeline.php(137): Illuminate\\Pipeline\\Pipeline->{closure:{closure:Illuminate\\Pipeline\\Pipeline::carry():194}:195}()
#85 /opt/petra_iam_big_project/my_ldap_dashboard/vendor/laravel/framework/src/Illuminate/Foundation/Http/Kernel.php(175): Illuminate\\Pipeline\\Pipeline->then()
#86 /opt/petra_iam_big_project/my_ldap_dashboard/vendor/laravel/framework/src/Illuminate/Foundation/Http/Kernel.php(144): Illuminate\\Foundation\\Http\\Kernel->sendRequestThroughRouter()
#87 /opt/petra_iam_big_project/my_ldap_dashboard/vendor/laravel/framework/src/Illuminate/Foundation/Application.php(1220): Illuminate\\Foundation\\Http\\Kernel->handle()
#88 /opt/petra_iam_big_project/my_ldap_dashboard/public/index.php(20): Illuminate\\Foundation\\Application->handleRequest()
#89 /opt/petra_iam_big_project/my_ldap_dashboard/vendor/laravel/framework/src/Illuminate/Foundation/resources/server.php(23): require_once('...')
#90 {main}

[previous exception] [object] (TypeError(code: 0): App\\Support\\Directory\\LdapSchemaObjectClassHelper::objectClasses(): Return value must be of type Illuminate\\Support\\Collection, __PHP_Incomplete_Class returned at /opt/petra_iam_big_project/my_ldap_dashboard/app/Support/Directory/LdapSchemaObjectClassHelper.php:107)
[stacktrace]
#0 /opt/petra_iam_big_project/my_ldap_dashboard/app/Support/Directory/LdapSchemaObjectClassHelper.php(16): App\\Support\\Directory\\LdapSchemaObjectClassHelper->objectClasses()
#1 /opt/petra_iam_big_project/my_ldap_dashboard/app/Support/Directory/LdapSchemaObjectClassHelper.php(52): App\\Support\\Directory\\LdapSchemaObjectClassHelper->objectClassOptions()
#2 /opt/petra_iam_big_project/my_ldap_dashboard/app/Filament/Resources/Directory/DirectoryObjectManagerResource.php(353): App\\Support\\Directory\\LdapSchemaObjectClassHelper->auxiliaryOptions()
#3 /opt/petra_iam_big_project/my_ldap_dashboard/vendor/filament/support/src/Concerns/EvaluatesClosures.php(36): App\\Filament\\Resources\\Directory\\DirectoryObjectManagerResource::{closure:App\\Filament\\Resources\\Directory\\DirectoryObjectManagerResource::createObjectForm():352}()
#4 /opt/petra_iam_big_project/my_ldap_dashboard/vendor/filament/forms/src/Components/Concerns/HasOptions.php(36): Filament\\Support\\Components\\Component->evaluate()
#5 /opt/petra_iam_big_project/my_ldap_dashboard/vendor/filament/forms/src/Components/Select.php(726): Filament\\Forms\\Components\\Select->getOptions()
#6 /opt/petra_iam_big_project/my_ldap_dashboard/storage/app/public/framework/views/830469a7c275c95d451cc912a0590cc9.php(201): Filament\\Forms\\Components\\Select->getOptionsForJs()
#7 /opt/petra_iam_big_project/my_ldap_dashboard/vendor/livewire/livewire/src/Mechanisms/ExtendBlade/ExtendedCompilerEngine.php(37): include('...')
#8 /opt/petra_iam_big_project/my_ldap_dashboard/vendor/livewire/livewire/src/Mechanisms/ExtendBlade/ExtendedCompilerEngine.php(38): App\\Filament\\Resources\\Directory\\DirectoryObjectManagerResource\\Pages\\ListDirectoryObjects->{closure:Livewire\\Mechanisms\\ExtendBlade\\ExtendedCompilerEngine::evaluatePath():35}()
#9 /opt/petra_iam_big_project/my_ldap_dashboard/vendor/laravel/framework/src/Illuminate/View/Engines/CompilerEngine.php(76): Livewire\\Mechanisms\\ExtendBlade\\ExtendedCompilerEngine->evaluatePath()
#10 /opt/petra_iam_big_project/my_ldap_dashboard/vendor/livewire/livewire/src/Mechanisms/ExtendBlade/ExtendedCompilerEngine.php(16): Illuminate\\View\\Engines\\CompilerEngine->get()
#11 /opt/petra_iam_big_project/my_ldap_dashboard/vendor/laravel/framework/src/Illuminate/View/View.php(208): Livewire\\Mechanisms\\ExtendBlade\\ExtendedCompilerEngine->get()
#12 /opt/petra_iam_big_project/my_ldap_dashboard/vendor/laravel/framework/src/Illuminate/View/View.php(191): Illuminate\\View\\View->getContents()
#13 /opt/petra_iam_big_project/my_ldap_dashboard/vendor/laravel/framework/src/Illuminate/View/View.php(160): Illuminate\\View\\View->renderContents()
#14 /opt/petra_iam_big_project/my_ldap_dashboard/vendor/filament/support/src/Components/ViewComponent.php(125): Illuminate\\View\\View->render()
#15 /opt/petra_iam_big_project/my_ldap_dashboard/vendor/filament/schemas/src/Components/Component.php(219): Filament\\Support\\Components\\ViewComponent->toHtml()
#16 /opt/petra_iam_big_project/my_ldap_dashboard/vendor/filament/schemas/src/Schema.php(204): Filament\\Schemas\\Components\\Component->toSchemaHtml()
#17 /opt/petra_iam_big_project/my_ldap_dashboard/vendor/filament/support/src/Components/ViewComponent.php(122): Filament\\Schemas\\Schema->toEmbeddedHtml()
#18 /opt/petra_iam_big_project/my_ldap_dashboard/vendor/laravel/framework/src/Illuminate/Support/helpers.php(131): Filament\\Support\\Components\\ViewComponent->toHtml()
#19 /opt/petra_iam_big_project/my_ldap_dashboard/storage/app/public/framework/views/762626050b16ff1d97c8897bbdb8e42e.php(53): e()
#20 /opt/petra_iam_big_project/my_ldap_dashboard/vendor/livewire/livewire/src/Mechanisms/ExtendBlade/ExtendedCompilerEngine.php(37): include('...')
#21 /opt/petra_iam_big_project/my_ldap_dashboard/vendor/livewire/livewire/src/Mechanisms/ExtendBlade/ExtendedCompilerEngine.php(38): App\\Filament\\Resources\\Directory\\DirectoryObjectManagerResource\\Pages\\ListDirectoryObjects->{closure:Livewire\\Mechanisms\\ExtendBlade\\ExtendedCompilerEngine::evaluatePath():35}()
#22 /opt/petra_iam_big_project/my_ldap_dashboard/vendor/laravel/framework/src/Illuminate/View/Engines/CompilerEngine.php(76): Livewire\\Mechanisms\\ExtendBlade\\ExtendedCompilerEngine->evaluatePath()
#23 /opt/petra_iam_big_project/my_ldap_dashboard/vendor/livewire/livewire/src/Mechanisms/ExtendBlade/ExtendedCompilerEngine.php(16): Illuminate\\View\\Engines\\CompilerEngine->get()
#24 /opt/petra_iam_big_project/my_ldap_dashboard/vendor/laravel/framework/src/Illuminate/View/View.php(208): Livewire\\Mechanisms\\ExtendBlade\\ExtendedCompilerEngine->get()
#25 /opt/petra_iam_big_project/my_ldap_dashboard/vendor/laravel/framework/src/Illuminate/View/View.php(191): Illuminate\\View\\View->getContents()
#26 /opt/petra_iam_big_project/my_ldap_dashboard/vendor/laravel/framework/src/Illuminate/View/View.php(160): Illuminate\\View\\View->renderContents()
#27 /opt/petra_iam_big_project/my_ldap_dashboard/vendor/filament/actions/src/Action.php(755): Illuminate\\View\\View->render()
#28 /opt/petra_iam_big_project/my_ldap_dashboard/storage/app/public/framework/views/5bf1ef960fa1a42e3d2ebcb35221d062.php(11): Filament\\Actions\\Action->toModalHtmlable()
#29 /opt/petra_iam_big_project/my_ldap_dashboard/vendor/livewire/livewire/src/Mechanisms/ExtendBlade/ExtendedCompilerEngine.php(37): include('...')
#30 /opt/petra_iam_big_project/my_ldap_dashboard/vendor/livewire/livewire/src/Mechanisms/ExtendBlade/ExtendedCompilerEngine.php(38): App\\Filament\\Resources\\Directory\\DirectoryObjectManagerResource\\Pages\\ListDirectoryObjects->{closure:Livewire\\Mechanisms\\ExtendBlade\\ExtendedCompilerEngine::evaluatePath():35}()
#31 /opt/petra_iam_big_project/my_ldap_dashboard/vendor/laravel/framework/src/Illuminate/View/Engines/CompilerEngine.php(76): Livewire\\Mechanisms\\ExtendBlade\\ExtendedCompilerEngine->evaluatePath()
#32 /opt/petra_iam_big_project/my_ldap_dashboard/vendor/livewire/livewire/src/Mechanisms/ExtendBlade/ExtendedCompilerEngine.php(16): Illuminate\\View\\Engines\\CompilerEngine->get()
#33 /opt/petra_iam_big_project/my_ldap_dashboard/vendor/laravel/framework/src/Illuminate/View/View.php(208): Livewire\\Mechanisms\\ExtendBlade\\ExtendedCompilerEngine->get()
#34 /opt/petra_iam_big_project/my_ldap_dashboard/vendor/laravel/framework/src/Illuminate/View/View.php(191): Illuminate\\View\\View->getContents()
#35 /opt/petra_iam_big_project/my_ldap_dashboard/vendor/laravel/framework/src/Illuminate/View/View.php(160): Illuminate\\View\\View->renderContents()
#36 /opt/petra_iam_big_project/my_ldap_dashboard/vendor/filament/support/src/Livewire/Partials/PartialsComponentHook.php(134): Illuminate\\View\\View->render()
#37 /opt/petra_iam_big_project/my_ldap_dashboard/vendor/filament/support/src/Livewire/Partials/PartialsComponentHook.php(183): Filament\\Support\\Livewire\\Partials\\PartialsComponentHook->{closure:Filament\\Support\\Livewire\\Partials\\PartialsComponentHook::dehydrate():122}()
#38 /opt/petra_iam_big_project/my_ldap_dashboard/vendor/livewire/livewire/src/ComponentHook.php(75): Filament\\Support\\Livewire\\Partials\\PartialsComponentHook->dehydrate()
#39 /opt/petra_iam_big_project/my_ldap_dashboard/vendor/livewire/livewire/src/ComponentHookRegistry.php(114): Livewire\\ComponentHook->callDehydrate()
#40 /opt/petra_iam_big_project/my_ldap_dashboard/vendor/livewire/livewire/src/ComponentHookRegistry.php(77): Livewire\\ComponentHookRegistry::{closure:Livewire\\ComponentHookRegistry::proxyCallToHooks():110}()
#41 /opt/petra_iam_big_project/my_ldap_dashboard/vendor/livewire/livewire/src/EventBus.php(87): Livewire\\ComponentHookRegistry::{closure:Livewire\\ComponentHookRegistry::boot():76}()
#42 /opt/petra_iam_big_project/my_ldap_dashboard/vendor/livewire/livewire/src/helpers.php(98): Livewire\\EventBus->trigger()
#43 /opt/petra_iam_big_project/my_ldap_dashboard/vendor/livewire/livewire/src/Mechanisms/HandleComponents/HandleComponents.php(249): Livewire\\trigger()
#44 /opt/petra_iam_big_project/my_ldap_dashboard/vendor/livewire/livewire/src/LivewireManager.php(131): Livewire\\Mechanisms\\HandleComponents\\HandleComponents->update()
#45 /opt/petra_iam_big_project/my_ldap_dashboard/vendor/livewire/livewire/src/Mechanisms/HandleRequests/HandleRequests.php(202): Livewire\\LivewireManager->update()
#46 /opt/petra_iam_big_project/my_ldap_dashboard/vendor/laravel/framework/src/Illuminate/Routing/ControllerDispatcher.php(46): Livewire\\Mechanisms\\HandleRequests\\HandleRequests->handleUpdate()
#47 /opt/petra_iam_big_project/my_ldap_dashboard/vendor/laravel/framework/src/Illuminate/Routing/Route.php(269): Illuminate\\Routing\\ControllerDispatcher->dispatch()
#48 /opt/petra_iam_big_project/my_ldap_dashboard/vendor/laravel/framework/src/Illuminate/Routing/Route.php(215): Illuminate\\Routing\\Route->runController()
#49 /opt/petra_iam_big_project/my_ldap_dashboard/vendor/laravel/framework/src/Illuminate/Routing/Router.php(822): Illuminate\\Routing\\Route->run()
#50 /opt/petra_iam_big_project/my_ldap_dashboard/vendor/laravel/framework/src/Illuminate/Pipeline/Pipeline.php(180): Illuminate\\Routing\\Router->{closure:Illuminate\\Routing\\Router::runRouteWithinStack():821}()
#51 /opt/petra_iam_big_project/my_ldap_dashboard/vendor/livewire/livewire/src/Mechanisms/HandleRequests/RequireLivewireHeaders.php(19): Illuminate\\Pipeline\\Pipeline->{closure:Illuminate\\Pipeline\\Pipeline::prepareDestination():178}()
#52 /opt/petra_iam_big_project/my_ldap_dashboard/vendor/laravel/framework/src/Illuminate/Pipeline/Pipeline.php(219): Livewire\\Mechanisms\\HandleRequests\\RequireLivewireHeaders->handle()
#53 /opt/petra_iam_big_project/my_ldap_dashboard/vendor/laravel/framework/src/Illuminate/Routing/Middleware/SubstituteBindings.php(52): Illuminate\\Pipeline\\Pipeline->{closure:{closure:Illuminate\\Pipeline\\Pipeline::carry():194}:195}()
#54 /opt/petra_iam_big_project/my_ldap_dashboard/vendor/laravel/framework/src/Illuminate/Pipeline/Pipeline.php(219): Illuminate\\Routing\\Middleware\\SubstituteBindings->handle()
#55 /opt/petra_iam_big_project/my_ldap_dashboard/vendor/laravel/framework/src/Illuminate/Foundation/Http/Middleware/PreventRequestForgery.php(104): Illuminate\\Pipeline\\Pipeline->{closure:{closure:Illuminate\\Pipeline\\Pipeline::carry():194}:195}()
#56 /opt/petra_iam_big_project/my_ldap_dashboard/vendor/laravel/framework/src/Illuminate/Pipeline/Pipeline.php(219): Illuminate\\Foundation\\Http\\Middleware\\PreventRequestForgery->handle()
#57 /opt/petra_iam_big_project/my_ldap_dashboard/vendor/laravel/framework/src/Illuminate/View/Middleware/ShareErrorsFromSession.php(48): Illuminate\\Pipeline\\Pipeline->{closure:{closure:Illuminate\\Pipeline\\Pipeline::carry():194}:195}()
#58 /opt/petra_iam_big_project/my_ldap_dashboard/vendor/laravel/framework/src/Illuminate/Pipeline/Pipeline.php(219): Illuminate\\View\\Middleware\\ShareErrorsFromSession->handle()
#59 /opt/petra_iam_big_project/my_ldap_dashboard/vendor/laravel/framework/src/Illuminate/Session/Middleware/StartSession.php(120): Illuminate\\Pipeline\\Pipeline->{closure:{closure:Illuminate\\Pipeline\\Pipeline::carry():194}:195}()
#60 /opt/petra_iam_big_project/my_ldap_dashboard/vendor/laravel/framework/src/Illuminate/Session/Middleware/StartSession.php(63): Illuminate\\Session\\Middleware\\StartSession->handleStatefulRequest()
#61 /opt/petra_iam_big_project/my_ldap_dashboard/vendor/laravel/framework/src/Illuminate/Pipeline/Pipeline.php(219): Illuminate\\Session\\Middleware\\StartSession->handle()
#62 /opt/petra_iam_big_project/my_ldap_dashboard/vendor/laravel/framework/src/Illuminate/Cookie/Middleware/AddQueuedCookiesToResponse.php(36): Illuminate\\Pipeline\\Pipeline->{closure:{closure:Illuminate\\Pipeline\\Pipeline::carry():194}:195}()
#63 /opt/petra_iam_big_project/my_ldap_dashboard/vendor/laravel/framework/src/Illuminate/Pipeline/Pipeline.php(219): Illuminate\\Cookie\\Middleware\\AddQueuedCookiesToResponse->handle()
#64 /opt/petra_iam_big_project/my_ldap_dashboard/vendor/laravel/framework/src/Illuminate/Cookie/Middleware/EncryptCookies.php(74): Illuminate\\Pipeline\\Pipeline->{closure:{closure:Illuminate\\Pipeline\\Pipeline::carry():194}:195}()
#65 /opt/petra_iam_big_project/my_ldap_dashboard/vendor/laravel/framework/src/Illuminate/Pipeline/Pipeline.php(219): Illuminate\\Cookie\\Middleware\\EncryptCookies->handle()
#66 /opt/petra_iam_big_project/my_ldap_dashboard/vendor/laravel/framework/src/Illuminate/Pipeline/Pipeline.php(137): Illuminate\\Pipeline\\Pipeline->{closure:{closure:Illuminate\\Pipeline\\Pipeline::carry():194}:195}()
#67 /opt/petra_iam_big_project/my_ldap_dashboard/vendor/laravel/framework/src/Illuminate/Routing/Router.php(821): Illuminate\\Pipeline\\Pipeline->then()
#68 /opt/petra_iam_big_project/my_ldap_dashboard/vendor/laravel/framework/src/Illuminate/Routing/Router.php(800): Illuminate\\Routing\\Router->runRouteWithinStack()
#69 /opt/petra_iam_big_project/my_ldap_dashboard/vendor/laravel/framework/src/Illuminate/Routing/Router.php(764): Illuminate\\Routing\\Router->runRoute()
#70 /opt/petra_iam_big_project/my_ldap_dashboard/vendor/laravel/framework/src/Illuminate/Routing/Router.php(753): Illuminate\\Routing\\Router->dispatchToRoute()
#71 /opt/petra_iam_big_project/my_ldap_dashboard/vendor/laravel/framework/src/Illuminate/Foundation/Http/Kernel.php(200): Illuminate\\Routing\\Router->dispatch()
#72 /opt/petra_iam_big_project/my_ldap_dashboard/vendor/laravel/framework/src/Illuminate/Pipeline/Pipeline.php(180): Illuminate\\Foundation\\Http\\Kernel->{closure:Illuminate\\Foundation\\Http\\Kernel::dispatchToRouter():197}()
#73 /opt/petra_iam_big_project/my_ldap_dashboard/vendor/livewire/livewire/src/Features/SupportDisablingBackButtonCache/DisableBackButtonCacheMiddleware.php(19): Illuminate\\Pipeline\\Pipeline->{closure:Illuminate\\Pipeline\\Pipeline::prepareDestination():178}()
#74 /opt/petra_iam_big_project/my_ldap_dashboard/vendor/laravel/framework/src/Illuminate/Pipeline/Pipeline.php(219): Livewire\\Features\\SupportDisablingBackButtonCache\\DisableBackButtonCacheMiddleware->handle()
#75 /opt/petra_iam_big_project/my_ldap_dashboard/vendor/laravel/framework/src/Illuminate/Foundation/Http/Middleware/ConvertEmptyStringsToNull.php(27): Illuminate\\Pipeline\\Pipeline->{closure:{closure:Illuminate\\Pipeline\\Pipeline::carry():194}:195}()
#76 /opt/petra_iam_big_project/my_ldap_dashboard/vendor/laravel/framework/src/Illuminate/Pipeline/Pipeline.php(219): Illuminate\\Foundation\\Http\\Middleware\\ConvertEmptyStringsToNull->handle()
#77 /opt/petra_iam_big_project/my_ldap_dashboard/vendor/laravel/framework/src/Illuminate/Foundation/Http/Middleware/TrimStrings.php(47): Illuminate\\Pipeline\\Pipeline->{closure:{closure:Illuminate\\Pipeline\\Pipeline::carry():194}:195}()
#78 /opt/petra_iam_big_project/my_ldap_dashboard/vendor/laravel/framework/src/Illuminate/Pipeline/Pipeline.php(219): Illuminate\\Foundation\\Http\\Middleware\\TrimStrings->handle()
#79 /opt/petra_iam_big_project/my_ldap_dashboard/vendor/laravel/framework/src/Illuminate/Http/Middleware/ValidatePostSize.php(27): Illuminate\\Pipeline\\Pipeline->{closure:{closure:Illuminate\\Pipeline\\Pipeline::carry():194}:195}()
#80 /opt/petra_iam_big_project/my_ldap_dashboard/vendor/laravel/framework/src/Illuminate/Pipeline/Pipeline.php(219): Illuminate\\Http\\Middleware\\ValidatePostSize->handle()
#81 /opt/petra_iam_big_project/my_ldap_dashboard/vendor/laravel/framework/src/Illuminate/Foundation/Http/Middleware/PreventRequestsDuringMaintenance.php(109): Illuminate\\Pipeline\\Pipeline->{closure:{closure:Illuminate\\Pipeline\\Pipeline::carry():194}:195}()
#82 /opt/petra_iam_big_project/my_ldap_dashboard/vendor/laravel/framework/src/Illuminate/Pipeline/Pipeline.php(219): Illuminate\\Foundation\\Http\\Middleware\\PreventRequestsDuringMaintenance->handle()
#83 /opt/petra_iam_big_project/my_ldap_dashboard/vendor/laravel/framework/src/Illuminate/Http/Middleware/HandleCors.php(61): Illuminate\\Pipeline\\Pipeline->{closure:{closure:Illuminate\\Pipeline\\Pipeline::carry():194}:195}()
#84 /opt/petra_iam_big_project/my_ldap_dashboard/vendor/laravel/framework/src/Illuminate/Pipeline/Pipeline.php(219): Illuminate\\Http\\Middleware\\HandleCors->handle()
#85 /opt/petra_iam_big_project/my_ldap_dashboard/vendor/laravel/framework/src/Illuminate/Http/Middleware/TrustProxies.php(58): Illuminate\\Pipeline\\Pipeline->{closure:{closure:Illuminate\\Pipeline\\Pipeline::carry():194}:195}()
#86 /opt/petra_iam_big_project/my_ldap_dashboard/vendor/laravel/framework/src/Illuminate/Pipeline/Pipeline.php(219): Illuminate\\Http\\Middleware\\TrustProxies->handle()
#87 /opt/petra_iam_big_project/my_ldap_dashboard/vendor/laravel/framework/src/Illuminate/Foundation/Http/Middleware/InvokeDeferredCallbacks.php(22): Illuminate\\Pipeline\\Pipeline->{closure:{closure:Illuminate\\Pipeline\\Pipeline::carry():194}:195}()
#88 /opt/petra_iam_big_project/my_ldap_dashboard/vendor/laravel/framework/src/Illuminate/Pipeline/Pipeline.php(219): Illuminate\\Foundation\\Http\\Middleware\\InvokeDeferredCallbacks->handle()
#89 /opt/petra_iam_big_project/my_ldap_dashboard/vendor/laravel/framework/src/Illuminate/Http/Middleware/ValidatePathEncoding.php(28): Illuminate\\Pipeline\\Pipeline->{closure:{closure:Illuminate\\Pipeline\\Pipeline::carry():194}:195}()
#90 /opt/petra_iam_big_project/my_ldap_dashboard/vendor/laravel/framework/src/Illuminate/Pipeline/Pipeline.php(219): Illuminate\\Http\\Middleware\\ValidatePathEncoding->handle()
#91 /opt/petra_iam_big_project/my_ldap_dashboard/vendor/laravel/framework/src/Illuminate/Pipeline/Pipeline.php(137): Illuminate\\Pipeline\\Pipeline->{closure:{closure:Illuminate\\Pipeline\\Pipeline::carry():194}:195}()
#92 /opt/petra_iam_big_project/my_ldap_dashboard/vendor/laravel/framework/src/Illuminate/Foundation/Http/Kernel.php(175): Illuminate\\Pipeline\\Pipeline->then()
#93 /opt/petra_iam_big_project/my_ldap_dashboard/vendor/laravel/framework/src/Illuminate/Foundation/Http/Kernel.php(144): Illuminate\\Foundation\\Http\\Kernel->sendRequestThroughRouter()
#94 /opt/petra_iam_big_project/my_ldap_dashboard/vendor/laravel/framework/src/Illuminate/Foundation/Application.php(1220): Illuminate\\Foundation\\Http\\Kernel->handle()
#95 /opt/petra_iam_big_project/my_ldap_dashboard/public/index.php(20): Illuminate\\Foundation\\Application->handleRequest()
#96 /opt/petra_iam_big_project/my_ldap_dashboard/vendor/laravel/framework/src/Illuminate/Foundation/resources/server.php(23): require_once('...')
#97 {main}
"} 
[2026-05-12 19:35:32] local.ERROR: App\Support\Directory\LdapSchemaObjectClassHelper::objectClasses(): Return value must be of type Illuminate\Support\Collection, __PHP_Incomplete_Class returned (View: /opt/petra_iam_big_project/my_ldap_dashboard/vendor/filament/forms/resources/views/components/select.blade.php) (View: /opt/petra_iam_big_project/my_ldap_dashboard/vendor/filament/forms/resources/views/components/select.blade.php) (View: /opt/petra_iam_big_project/my_ldap_dashboard/vendor/filament/forms/resources/views/components/select.blade.php) {"userId":1,"exception":"[object] (Illuminate\\View\\ViewException(code: 0): App\\Support\\Directory\\LdapSchemaObjectClassHelper::objectClasses(): Return value must be of type Illuminate\\Support\\Collection, __PHP_Incomplete_Class returned (View: /opt/petra_iam_big_project/my_ldap_dashboard/vendor/filament/forms/resources/views/components/select.blade.php) (View: /opt/petra_iam_big_project/my_ldap_dashboard/vendor/filament/forms/resources/views/components/select.blade.php) (View: /opt/petra_iam_big_project/my_ldap_dashboard/vendor/filament/forms/resources/views/components/select.blade.php) at /opt/petra_iam_big_project/my_ldap_dashboard/app/Support/Directory/LdapSchemaObjectClassHelper.php:107)
[stacktrace]
#0 /opt/petra_iam_big_project/my_ldap_dashboard/vendor/livewire/livewire/src/Mechanisms/ExtendBlade/ExtendedCompilerEngine.php(58): Illuminate\\View\\Engines\\CompilerEngine->handleViewException()
#1 /opt/petra_iam_big_project/my_ldap_dashboard/vendor/livewire/livewire/src/Mechanisms/ExtendBlade/ExtendedCompilerEngine.php(40): Livewire\\Mechanisms\\ExtendBlade\\ExtendedCompilerEngine->handleViewException()
#2 /opt/petra_iam_big_project/my_ldap_dashboard/vendor/laravel/framework/src/Illuminate/View/Engines/CompilerEngine.php(76): Livewire\\Mechanisms\\ExtendBlade\\ExtendedCompilerEngine->evaluatePath()
#3 /opt/petra_iam_big_project/my_ldap_dashboard/vendor/livewire/livewire/src/Mechanisms/ExtendBlade/ExtendedCompilerEngine.php(16): Illuminate\\View\\Engines\\CompilerEngine->get()
#4 /opt/petra_iam_big_project/my_ldap_dashboard/vendor/laravel/framework/src/Illuminate/View/View.php(208): Livewire\\Mechanisms\\ExtendBlade\\ExtendedCompilerEngine->get()
#5 /opt/petra_iam_big_project/my_ldap_dashboard/vendor/laravel/framework/src/Illuminate/View/View.php(191): Illuminate\\View\\View->getContents()
#6 /opt/petra_iam_big_project/my_ldap_dashboard/vendor/laravel/framework/src/Illuminate/View/View.php(160): Illuminate\\View\\View->renderContents()
#7 /opt/petra_iam_big_project/my_ldap_dashboard/vendor/filament/support/src/Livewire/Partials/PartialsComponentHook.php(134): Illuminate\\View\\View->render()
#8 /opt/petra_iam_big_project/my_ldap_dashboard/vendor/filament/support/src/Livewire/Partials/PartialsComponentHook.php(183): Filament\\Support\\Livewire\\Partials\\PartialsComponentHook->{closure:Filament\\Support\\Livewire\\Partials\\PartialsComponentHook::dehydrate():122}()
#9 /opt/petra_iam_big_project/my_ldap_dashboard/vendor/livewire/livewire/src/ComponentHook.php(75): Filament\\Support\\Livewire\\Partials\\PartialsComponentHook->dehydrate()
#10 /opt/petra_iam_big_project/my_ldap_dashboard/vendor/livewire/livewire/src/ComponentHookRegistry.php(114): Livewire\\ComponentHook->callDehydrate()
#11 /opt/petra_iam_big_project/my_ldap_dashboard/vendor/livewire/livewire/src/ComponentHookRegistry.php(77): Livewire\\ComponentHookRegistry::{closure:Livewire\\ComponentHookRegistry::proxyCallToHooks():110}()
#12 /opt/petra_iam_big_project/my_ldap_dashboard/vendor/livewire/livewire/src/EventBus.php(87): Livewire\\ComponentHookRegistry::{closure:Livewire\\ComponentHookRegistry::boot():76}()
#13 /opt/petra_iam_big_project/my_ldap_dashboard/vendor/livewire/livewire/src/helpers.php(98): Livewire\\EventBus->trigger()
#14 /opt/petra_iam_big_project/my_ldap_dashboard/vendor/livewire/livewire/src/Mechanisms/HandleComponents/HandleComponents.php(249): Livewire\\trigger()
#15 /opt/petra_iam_big_project/my_ldap_dashboard/vendor/livewire/livewire/src/LivewireManager.php(131): Livewire\\Mechanisms\\HandleComponents\\HandleComponents->update()
#16 /opt/petra_iam_big_project/my_ldap_dashboard/vendor/livewire/livewire/src/Mechanisms/HandleRequests/HandleRequests.php(202): Livewire\\LivewireManager->update()
#17 /opt/petra_iam_big_project/my_ldap_dashboard/vendor/laravel/framework/src/Illuminate/Routing/ControllerDispatcher.php(46): Livewire\\Mechanisms\\HandleRequests\\HandleRequests->handleUpdate()
#18 /opt/petra_iam_big_project/my_ldap_dashboard/vendor/laravel/framework/src/Illuminate/Routing/Route.php(269): Illuminate\\Routing\\ControllerDispatcher->dispatch()
#19 /opt/petra_iam_big_project/my_ldap_dashboard/vendor/laravel/framework/src/Illuminate/Routing/Route.php(215): Illuminate\\Routing\\Route->runController()
#20 /opt/petra_iam_big_project/my_ldap_dashboard/vendor/laravel/framework/src/Illuminate/Routing/Router.php(822): Illuminate\\Routing\\Route->run()
#21 /opt/petra_iam_big_project/my_ldap_dashboard/vendor/laravel/framework/src/Illuminate/Pipeline/Pipeline.php(180): Illuminate\\Routing\\Router->{closure:Illuminate\\Routing\\Router::runRouteWithinStack():821}()
#22 /opt/petra_iam_big_project/my_ldap_dashboard/vendor/livewire/livewire/src/Mechanisms/HandleRequests/RequireLivewireHeaders.php(19): Illuminate\\Pipeline\\Pipeline->{closure:Illuminate\\Pipeline\\Pipeline::prepareDestination():178}()
#23 /opt/petra_iam_big_project/my_ldap_dashboard/vendor/laravel/framework/src/Illuminate/Pipeline/Pipeline.php(219): Livewire\\Mechanisms\\HandleRequests\\RequireLivewireHeaders->handle()
#24 /opt/petra_iam_big_project/my_ldap_dashboard/vendor/laravel/framework/src/Illuminate/Routing/Middleware/SubstituteBindings.php(52): Illuminate\\Pipeline\\Pipeline->{closure:{closure:Illuminate\\Pipeline\\Pipeline::carry():194}:195}()
#25 /opt/petra_iam_big_project/my_ldap_dashboard/vendor/laravel/framework/src/Illuminate/Pipeline/Pipeline.php(219): Illuminate\\Routing\\Middleware\\SubstituteBindings->handle()
#26 /opt/petra_iam_big_project/my_ldap_dashboard/vendor/laravel/framework/src/Illuminate/Foundation/Http/Middleware/PreventRequestForgery.php(104): Illuminate\\Pipeline\\Pipeline->{closure:{closure:Illuminate\\Pipeline\\Pipeline::carry():194}:195}()
#27 /opt/petra_iam_big_project/my_ldap_dashboard/vendor/laravel/framework/src/Illuminate/Pipeline/Pipeline.php(219): Illuminate\\Foundation\\Http\\Middleware\\PreventRequestForgery->handle()
#28 /opt/petra_iam_big_project/my_ldap_dashboard/vendor/laravel/framework/src/Illuminate/View/Middleware/ShareErrorsFromSession.php(48): Illuminate\\Pipeline\\Pipeline->{closure:{closure:Illuminate\\Pipeline\\Pipeline::carry():194}:195}()
#29 /opt/petra_iam_big_project/my_ldap_dashboard/vendor/laravel/framework/src/Illuminate/Pipeline/Pipeline.php(219): Illuminate\\View\\Middleware\\ShareErrorsFromSession->handle()
#30 /opt/petra_iam_big_project/my_ldap_dashboard/vendor/laravel/framework/src/Illuminate/Session/Middleware/StartSession.php(120): Illuminate\\Pipeline\\Pipeline->{closure:{closure:Illuminate\\Pipeline\\Pipeline::carry():194}:195}()
#31 /opt/petra_iam_big_project/my_ldap_dashboard/vendor/laravel/framework/src/Illuminate/Session/Middleware/StartSession.php(63): Illuminate\\Session\\Middleware\\StartSession->handleStatefulRequest()
#32 /opt/petra_iam_big_project/my_ldap_dashboard/vendor/laravel/framework/src/Illuminate/Pipeline/Pipeline.php(219): Illuminate\\Session\\Middleware\\StartSession->handle()
#33 /opt/petra_iam_big_project/my_ldap_dashboard/vendor/laravel/framework/src/Illuminate/Cookie/Middleware/AddQueuedCookiesToResponse.php(36): Illuminate\\Pipeline\\Pipeline->{closure:{closure:Illuminate\\Pipeline\\Pipeline::carry():194}:195}()
#34 /opt/petra_iam_big_project/my_ldap_dashboard/vendor/laravel/framework/src/Illuminate/Pipeline/Pipeline.php(219): Illuminate\\Cookie\\Middleware\\AddQueuedCookiesToResponse->handle()
#35 /opt/petra_iam_big_project/my_ldap_dashboard/vendor/laravel/framework/src/Illuminate/Cookie/Middleware/EncryptCookies.php(74): Illuminate\\Pipeline\\Pipeline->{closure:{closure:Illuminate\\Pipeline\\Pipeline::carry():194}:195}()
#36 /opt/petra_iam_big_project/my_ldap_dashboard/vendor/laravel/framework/src/Illuminate/Pipeline/Pipeline.php(219): Illuminate\\Cookie\\Middleware\\EncryptCookies->handle()
#37 /opt/petra_iam_big_project/my_ldap_dashboard/vendor/laravel/framework/src/Illuminate/Pipeline/Pipeline.php(137): Illuminate\\Pipeline\\Pipeline->{closure:{closure:Illuminate\\Pipeline\\Pipeline::carry():194}:195}()
#38 /opt/petra_iam_big_project/my_ldap_dashboard/vendor/laravel/framework/src/Illuminate/Routing/Router.php(821): Illuminate\\Pipeline\\Pipeline->then()
#39 /opt/petra_iam_big_project/my_ldap_dashboard/vendor/laravel/framework/src/Illuminate/Routing/Router.php(800): Illuminate\\Routing\\Router->runRouteWithinStack()
#40 /opt/petra_iam_big_project/my_ldap_dashboard/vendor/laravel/framework/src/Illuminate/Routing/Router.php(764): Illuminate\\Routing\\Router->runRoute()
#41 /opt/petra_iam_big_project/my_ldap_dashboard/vendor/laravel/framework/src/Illuminate/Routing/Router.php(753): Illuminate\\Routing\\Router->dispatchToRoute()
#42 /opt/petra_iam_big_project/my_ldap_dashboard/vendor/laravel/framework/src/Illuminate/Foundation/Http/Kernel.php(200): Illuminate\\Routing\\Router->dispatch()
#43 /opt/petra_iam_big_project/my_ldap_dashboard/vendor/laravel/framework/src/Illuminate/Pipeline/Pipeline.php(180): Illuminate\\Foundation\\Http\\Kernel->{closure:Illuminate\\Foundation\\Http\\Kernel::dispatchToRouter():197}()
#44 /opt/petra_iam_big_project/my_ldap_dashboard/vendor/livewire/livewire/src/Features/SupportDisablingBackButtonCache/DisableBackButtonCacheMiddleware.php(19): Illuminate\\Pipeline\\Pipeline->{closure:Illuminate\\Pipeline\\Pipeline::prepareDestination():178}()
#45 /opt/petra_iam_big_project/my_ldap_dashboard/vendor/laravel/framework/src/Illuminate/Pipeline/Pipeline.php(219): Livewire\\Features\\SupportDisablingBackButtonCache\\DisableBackButtonCacheMiddleware->handle()
#46 /opt/petra_iam_big_project/my_ldap_dashboard/vendor/laravel/framework/src/Illuminate/Foundation/Http/Middleware/ConvertEmptyStringsToNull.php(27): Illuminate\\Pipeline\\Pipeline->{closure:{closure:Illuminate\\Pipeline\\Pipeline::carry():194}:195}()
#47 /opt/petra_iam_big_project/my_ldap_dashboard/vendor/laravel/framework/src/Illuminate/Pipeline/Pipeline.php(219): Illuminate\\Foundation\\Http\\Middleware\\ConvertEmptyStringsToNull->handle()
#48 /opt/petra_iam_big_project/my_ldap_dashboard/vendor/laravel/framework/src/Illuminate/Foundation/Http/Middleware/TrimStrings.php(47): Illuminate\\Pipeline\\Pipeline->{closure:{closure:Illuminate\\Pipeline\\Pipeline::carry():194}:195}()
#49 /opt/petra_iam_big_project/my_ldap_dashboard/vendor/laravel/framework/src/Illuminate/Pipeline/Pipeline.php(219): Illuminate\\Foundation\\Http\\Middleware\\TrimStrings->handle()
#50 /opt/petra_iam_big_project/my_ldap_dashboard/vendor/laravel/framework/src/Illuminate/Http/Middleware/ValidatePostSize.php(27): Illuminate\\Pipeline\\Pipeline->{closure:{closure:Illuminate\\Pipeline\\Pipeline::carry():194}:195}()
#51 /opt/petra_iam_big_project/my_ldap_dashboard/vendor/laravel/framework/src/Illuminate/Pipeline/Pipeline.php(219): Illuminate\\Http\\Middleware\\ValidatePostSize->handle()
#52 /opt/petra_iam_big_project/my_ldap_dashboard/vendor/laravel/framework/src/Illuminate/Foundation/Http/Middleware/PreventRequestsDuringMaintenance.php(109): Illuminate\\Pipeline\\Pipeline->{closure:{closure:Illuminate\\Pipeline\\Pipeline::carry():194}:195}()
#53 /opt/petra_iam_big_project/my_ldap_dashboard/vendor/laravel/framework/src/Illuminate/Pipeline/Pipeline.php(219): Illuminate\\Foundation\\Http\\Middleware\\PreventRequestsDuringMaintenance->handle()
#54 /opt/petra_iam_big_project/my_ldap_dashboard/vendor/laravel/framework/src/Illuminate/Http/Middleware/HandleCors.php(61): Illuminate\\Pipeline\\Pipeline->{closure:{closure:Illuminate\\Pipeline\\Pipeline::carry():194}:195}()
#55 /opt/petra_iam_big_project/my_ldap_dashboard/vendor/laravel/framework/src/Illuminate/Pipeline/Pipeline.php(219): Illuminate\\Http\\Middleware\\HandleCors->handle()
#56 /opt/petra_iam_big_project/my_ldap_dashboard/vendor/laravel/framework/src/Illuminate/Http/Middleware/TrustProxies.php(58): Illuminate\\Pipeline\\Pipeline->{closure:{closure:Illuminate\\Pipeline\\Pipeline::carry():194}:195}()
#57 /opt/petra_iam_big_project/my_ldap_dashboard/vendor/laravel/framework/src/Illuminate/Pipeline/Pipeline.php(219): Illuminate\\Http\\Middleware\\TrustProxies->handle()
#58 /opt/petra_iam_big_project/my_ldap_dashboard/vendor/laravel/framework/src/Illuminate/Foundation/Http/Middleware/InvokeDeferredCallbacks.php(22): Illuminate\\Pipeline\\Pipeline->{closure:{closure:Illuminate\\Pipeline\\Pipeline::carry():194}:195}()
#59 /opt/petra_iam_big_project/my_ldap_dashboard/vendor/laravel/framework/src/Illuminate/Pipeline/Pipeline.php(219): Illuminate\\Foundation\\Http\\Middleware\\InvokeDeferredCallbacks->handle()
#60 /opt/petra_iam_big_project/my_ldap_dashboard/vendor/laravel/framework/src/Illuminate/Http/Middleware/ValidatePathEncoding.php(28): Illuminate\\Pipeline\\Pipeline->{closure:{closure:Illuminate\\Pipeline\\Pipeline::carry():194}:195}()
#61 /opt/petra_iam_big_project/my_ldap_dashboard/vendor/laravel/framework/src/Illuminate/Pipeline/Pipeline.php(219): Illuminate\\Http\\Middleware\\ValidatePathEncoding->handle()
#62 /opt/petra_iam_big_project/my_ldap_dashboard/vendor/laravel/framework/src/Illuminate/Pipeline/Pipeline.php(137): Illuminate\\Pipeline\\Pipeline->{closure:{closure:Illuminate\\Pipeline\\Pipeline::carry():194}:195}()
#63 /opt/petra_iam_big_project/my_ldap_dashboard/vendor/laravel/framework/src/Illuminate/Foundation/Http/Kernel.php(175): Illuminate\\Pipeline\\Pipeline->then()
#64 /opt/petra_iam_big_project/my_ldap_dashboard/vendor/laravel/framework/src/Illuminate/Foundation/Http/Kernel.php(144): Illuminate\\Foundation\\Http\\Kernel->sendRequestThroughRouter()
#65 /opt/petra_iam_big_project/my_ldap_dashboard/vendor/laravel/framework/src/Illuminate/Foundation/Application.php(1220): Illuminate\\Foundation\\Http\\Kernel->handle()
#66 /opt/petra_iam_big_project/my_ldap_dashboard/public/index.php(20): Illuminate\\Foundation\\Application->handleRequest()
#67 /opt/petra_iam_big_project/my_ldap_dashboard/vendor/laravel/framework/src/Illuminate/Foundation/resources/server.php(23): require_once('...')
#68 {main}

[previous exception] [object] (Illuminate\\View\\ViewException(code: 0): App\\Support\\Directory\\LdapSchemaObjectClassHelper::objectClasses(): Return value must be of type Illuminate\\Support\\Collection, __PHP_Incomplete_Class returned (View: /opt/petra_iam_big_project/my_ldap_dashboard/vendor/filament/forms/resources/views/components/select.blade.php) (View: /opt/petra_iam_big_project/my_ldap_dashboard/vendor/filament/forms/resources/views/components/select.blade.php) at /opt/petra_iam_big_project/my_ldap_dashboard/app/Support/Directory/LdapSchemaObjectClassHelper.php:107)
[stacktrace]
#0 /opt/petra_iam_big_project/my_ldap_dashboard/vendor/livewire/livewire/src/Mechanisms/ExtendBlade/ExtendedCompilerEngine.php(58): Illuminate\\View\\Engines\\CompilerEngine->handleViewException()
#1 /opt/petra_iam_big_project/my_ldap_dashboard/vendor/livewire/livewire/src/Mechanisms/ExtendBlade/ExtendedCompilerEngine.php(40): Livewire\\Mechanisms\\ExtendBlade\\ExtendedCompilerEngine->handleViewException()
#2 /opt/petra_iam_big_project/my_ldap_dashboard/vendor/laravel/framework/src/Illuminate/View/Engines/CompilerEngine.php(76): Livewire\\Mechanisms\\ExtendBlade\\ExtendedCompilerEngine->evaluatePath()
#3 /opt/petra_iam_big_project/my_ldap_dashboard/vendor/livewire/livewire/src/Mechanisms/ExtendBlade/ExtendedCompilerEngine.php(16): Illuminate\\View\\Engines\\CompilerEngine->get()
#4 /opt/petra_iam_big_project/my_ldap_dashboard/vendor/laravel/framework/src/Illuminate/View/View.php(208): Livewire\\Mechanisms\\ExtendBlade\\ExtendedCompilerEngine->get()
#5 /opt/petra_iam_big_project/my_ldap_dashboard/vendor/laravel/framework/src/Illuminate/View/View.php(191): Illuminate\\View\\View->getContents()
#6 /opt/petra_iam_big_project/my_ldap_dashboard/vendor/laravel/framework/src/Illuminate/View/View.php(160): Illuminate\\View\\View->renderContents()
#7 /opt/petra_iam_big_project/my_ldap_dashboard/vendor/filament/actions/src/Action.php(755): Illuminate\\View\\View->render()
#8 /opt/petra_iam_big_project/my_ldap_dashboard/storage/app/public/framework/views/5bf1ef960fa1a42e3d2ebcb35221d062.php(11): Filament\\Actions\\Action->toModalHtmlable()
#9 /opt/petra_iam_big_project/my_ldap_dashboard/vendor/livewire/livewire/src/Mechanisms/ExtendBlade/ExtendedCompilerEngine.php(37): include('...')
#10 /opt/petra_iam_big_project/my_ldap_dashboard/vendor/livewire/livewire/src/Mechanisms/ExtendBlade/ExtendedCompilerEngine.php(38): App\\Filament\\Resources\\Directory\\DirectoryObjectManagerResource\\Pages\\ListDirectoryObjects->{closure:Livewire\\Mechanisms\\ExtendBlade\\ExtendedCompilerEngine::evaluatePath():35}()
#11 /opt/petra_iam_big_project/my_ldap_dashboard/vendor/laravel/framework/src/Illuminate/View/Engines/CompilerEngine.php(76): Livewire\\Mechanisms\\ExtendBlade\\ExtendedCompilerEngine->evaluatePath()
#12 /opt/petra_iam_big_project/my_ldap_dashboard/vendor/livewire/livewire/src/Mechanisms/ExtendBlade/ExtendedCompilerEngine.php(16): Illuminate\\View\\Engines\\CompilerEngine->get()
#13 /opt/petra_iam_big_project/my_ldap_dashboard/vendor/laravel/framework/src/Illuminate/View/View.php(208): Livewire\\Mechanisms\\ExtendBlade\\ExtendedCompilerEngine->get()
#14 /opt/petra_iam_big_project/my_ldap_dashboard/vendor/laravel/framework/src/Illuminate/View/View.php(191): Illuminate\\View\\View->getContents()
#15 /opt/petra_iam_big_project/my_ldap_dashboard/vendor/laravel/framework/src/Illuminate/View/View.php(160): Illuminate\\View\\View->renderContents()
#16 /opt/petra_iam_big_project/my_ldap_dashboard/vendor/filament/support/src/Livewire/Partials/PartialsComponentHook.php(134): Illuminate\\View\\View->render()
#17 /opt/petra_iam_big_project/my_ldap_dashboard/vendor/filament/support/src/Livewire/Partials/PartialsComponentHook.php(183): Filament\\Support\\Livewire\\Partials\\PartialsComponentHook->{closure:Filament\\Support\\Livewire\\Partials\\PartialsComponentHook::dehydrate():122}()
#18 /opt/petra_iam_big_project/my_ldap_dashboard/vendor/livewire/livewire/src/ComponentHook.php(75): Filament\\Support\\Livewire\\Partials\\PartialsComponentHook->dehydrate()
#19 /opt/petra_iam_big_project/my_ldap_dashboard/vendor/livewire/livewire/src/ComponentHookRegistry.php(114): Livewire\\ComponentHook->callDehydrate()
#20 /opt/petra_iam_big_project/my_ldap_dashboard/vendor/livewire/livewire/src/ComponentHookRegistry.php(77): Livewire\\ComponentHookRegistry::{closure:Livewire\\ComponentHookRegistry::proxyCallToHooks():110}()
#21 /opt/petra_iam_big_project/my_ldap_dashboard/vendor/livewire/livewire/src/EventBus.php(87): Livewire\\ComponentHookRegistry::{closure:Livewire\\ComponentHookRegistry::boot():76}()
#22 /opt/petra_iam_big_project/my_ldap_dashboard/vendor/livewire/livewire/src/helpers.php(98): Livewire\\EventBus->trigger()
#23 /opt/petra_iam_big_project/my_ldap_dashboard/vendor/livewire/livewire/src/Mechanisms/HandleComponents/HandleComponents.php(249): Livewire\\trigger()
#24 /opt/petra_iam_big_project/my_ldap_dashboard/vendor/livewire/livewire/src/LivewireManager.php(131): Livewire\\Mechanisms\\HandleComponents\\HandleComponents->update()
#25 /opt/petra_iam_big_project/my_ldap_dashboard/vendor/livewire/livewire/src/Mechanisms/HandleRequests/HandleRequests.php(202): Livewire\\LivewireManager->update()
#26 /opt/petra_iam_big_project/my_ldap_dashboard/vendor/laravel/framework/src/Illuminate/Routing/ControllerDispatcher.php(46): Livewire\\Mechanisms\\HandleRequests\\HandleRequests->handleUpdate()
#27 /opt/petra_iam_big_project/my_ldap_dashboard/vendor/laravel/framework/src/Illuminate/Routing/Route.php(269): Illuminate\\Routing\\ControllerDispatcher->dispatch()
#28 /opt/petra_iam_big_project/my_ldap_dashboard/vendor/laravel/framework/src/Illuminate/Routing/Route.php(215): Illuminate\\Routing\\Route->runController()
#29 /opt/petra_iam_big_project/my_ldap_dashboard/vendor/laravel/framework/src/Illuminate/Routing/Router.php(822): Illuminate\\Routing\\Route->run()
#30 /opt/petra_iam_big_project/my_ldap_dashboard/vendor/laravel/framework/src/Illuminate/Pipeline/Pipeline.php(180): Illuminate\\Routing\\Router->{closure:Illuminate\\Routing\\Router::runRouteWithinStack():821}()
#31 /opt/petra_iam_big_project/my_ldap_dashboard/vendor/livewire/livewire/src/Mechanisms/HandleRequests/RequireLivewireHeaders.php(19): Illuminate\\Pipeline\\Pipeline->{closure:Illuminate\\Pipeline\\Pipeline::prepareDestination():178}()
#32 /opt/petra_iam_big_project/my_ldap_dashboard/vendor/laravel/framework/src/Illuminate/Pipeline/Pipeline.php(219): Livewire\\Mechanisms\\HandleRequests\\RequireLivewireHeaders->handle()
#33 /opt/petra_iam_big_project/my_ldap_dashboard/vendor/laravel/framework/src/Illuminate/Routing/Middleware/SubstituteBindings.php(52): Illuminate\\Pipeline\\Pipeline->{closure:{closure:Illuminate\\Pipeline\\Pipeline::carry():194}:195}()
#34 /opt/petra_iam_big_project/my_ldap_dashboard/vendor/laravel/framework/src/Illuminate/Pipeline/Pipeline.php(219): Illuminate\\Routing\\Middleware\\SubstituteBindings->handle()
#35 /opt/petra_iam_big_project/my_ldap_dashboard/vendor/laravel/framework/src/Illuminate/Foundation/Http/Middleware/PreventRequestForgery.php(104): Illuminate\\Pipeline\\Pipeline->{closure:{closure:Illuminate\\Pipeline\\Pipeline::carry():194}:195}()
#36 /opt/petra_iam_big_project/my_ldap_dashboard/vendor/laravel/framework/src/Illuminate/Pipeline/Pipeline.php(219): Illuminate\\Foundation\\Http\\Middleware\\PreventRequestForgery->handle()
#37 /opt/petra_iam_big_project/my_ldap_dashboard/vendor/laravel/framework/src/Illuminate/View/Middleware/ShareErrorsFromSession.php(48): Illuminate\\Pipeline\\Pipeline->{closure:{closure:Illuminate\\Pipeline\\Pipeline::carry():194}:195}()
#38 /opt/petra_iam_big_project/my_ldap_dashboard/vendor/laravel/framework/src/Illuminate/Pipeline/Pipeline.php(219): Illuminate\\View\\Middleware\\ShareErrorsFromSession->handle()
#39 /opt/petra_iam_big_project/my_ldap_dashboard/vendor/laravel/framework/src/Illuminate/Session/Middleware/StartSession.php(120): Illuminate\\Pipeline\\Pipeline->{closure:{closure:Illuminate\\Pipeline\\Pipeline::carry():194}:195}()
#40 /opt/petra_iam_big_project/my_ldap_dashboard/vendor/laravel/framework/src/Illuminate/Session/Middleware/StartSession.php(63): Illuminate\\Session\\Middleware\\StartSession->handleStatefulRequest()
#41 /opt/petra_iam_big_project/my_ldap_dashboard/vendor/laravel/framework/src/Illuminate/Pipeline/Pipeline.php(219): Illuminate\\Session\\Middleware\\StartSession->handle()
#42 /opt/petra_iam_big_project/my_ldap_dashboard/vendor/laravel/framework/src/Illuminate/Cookie/Middleware/AddQueuedCookiesToResponse.php(36): Illuminate\\Pipeline\\Pipeline->{closure:{closure:Illuminate\\Pipeline\\Pipeline::carry():194}:195}()
#43 /opt/petra_iam_big_project/my_ldap_dashboard/vendor/laravel/framework/src/Illuminate/Pipeline/Pipeline.php(219): Illuminate\\Cookie\\Middleware\\AddQueuedCookiesToResponse->handle()
#44 /opt/petra_iam_big_project/my_ldap_dashboard/vendor/laravel/framework/src/Illuminate/Cookie/Middleware/EncryptCookies.php(74): Illuminate\\Pipeline\\Pipeline->{closure:{closure:Illuminate\\Pipeline\\Pipeline::carry():194}:195}()
#45 /opt/petra_iam_big_project/my_ldap_dashboard/vendor/laravel/framework/src/Illuminate/Pipeline/Pipeline.php(219): Illuminate\\Cookie\\Middleware\\EncryptCookies->handle()
#46 /opt/petra_iam_big_project/my_ldap_dashboard/vendor/laravel/framework/src/Illuminate/Pipeline/Pipeline.php(137): Illuminate\\Pipeline\\Pipeline->{closure:{closure:Illuminate\\Pipeline\\Pipeline::carry():194}:195}()
#47 /opt/petra_iam_big_project/my_ldap_dashboard/vendor/laravel/framework/src/Illuminate/Routing/Router.php(821): Illuminate\\Pipeline\\Pipeline->then()
#48 /opt/petra_iam_big_project/my_ldap_dashboard/vendor/laravel/framework/src/Illuminate/Routing/Router.php(800): Illuminate\\Routing\\Router->runRouteWithinStack()
#49 /opt/petra_iam_big_project/my_ldap_dashboard/vendor/laravel/framework/src/Illuminate/Routing/Router.php(764): Illuminate\\Routing\\Router->runRoute()
#50 /opt/petra_iam_big_project/my_ldap_dashboard/vendor/laravel/framework/src/Illuminate/Routing/Router.php(753): Illuminate\\Routing\\Router->dispatchToRoute()
#51 /opt/petra_iam_big_project/my_ldap_dashboard/vendor/laravel/framework/src/Illuminate/Foundation/Http/Kernel.php(200): Illuminate\\Routing\\Router->dispatch()
#52 /opt/petra_iam_big_project/my_ldap_dashboard/vendor/laravel/framework/src/Illuminate/Pipeline/Pipeline.php(180): Illuminate\\Foundation\\Http\\Kernel->{closure:Illuminate\\Foundation\\Http\\Kernel::dispatchToRouter():197}()
#53 /opt/petra_iam_big_project/my_ldap_dashboard/vendor/livewire/livewire/src/Features/SupportDisablingBackButtonCache/DisableBackButtonCacheMiddleware.php(19): Illuminate\\Pipeline\\Pipeline->{closure:Illuminate\\Pipeline\\Pipeline::prepareDestination():178}()
#54 /opt/petra_iam_big_project/my_ldap_dashboard/vendor/laravel/framework/src/Illuminate/Pipeline/Pipeline.php(219): Livewire\\Features\\SupportDisablingBackButtonCache\\DisableBackButtonCacheMiddleware->handle()
#55 /opt/petra_iam_big_project/my_ldap_dashboard/vendor/laravel/framework/src/Illuminate/Foundation/Http/Middleware/ConvertEmptyStringsToNull.php(27): Illuminate\\Pipeline\\Pipeline->{closure:{closure:Illuminate\\Pipeline\\Pipeline::carry():194}:195}()
#56 /opt/petra_iam_big_project/my_ldap_dashboard/vendor/laravel/framework/src/Illuminate/Pipeline/Pipeline.php(219): Illuminate\\Foundation\\Http\\Middleware\\ConvertEmptyStringsToNull->handle()
#57 /opt/petra_iam_big_project/my_ldap_dashboard/vendor/laravel/framework/src/Illuminate/Foundation/Http/Middleware/TrimStrings.php(47): Illuminate\\Pipeline\\Pipeline->{closure:{closure:Illuminate\\Pipeline\\Pipeline::carry():194}:195}()
#58 /opt/petra_iam_big_project/my_ldap_dashboard/vendor/laravel/framework/src/Illuminate/Pipeline/Pipeline.php(219): Illuminate\\Foundation\\Http\\Middleware\\TrimStrings->handle()
#59 /opt/petra_iam_big_project/my_ldap_dashboard/vendor/laravel/framework/src/Illuminate/Http/Middleware/ValidatePostSize.php(27): Illuminate\\Pipeline\\Pipeline->{closure:{closure:Illuminate\\Pipeline\\Pipeline::carry():194}:195}()
#60 /opt/petra_iam_big_project/my_ldap_dashboard/vendor/laravel/framework/src/Illuminate/Pipeline/Pipeline.php(219): Illuminate\\Http\\Middleware\\ValidatePostSize->handle()
#61 /opt/petra_iam_big_project/my_ldap_dashboard/vendor/laravel/framework/src/Illuminate/Foundation/Http/Middleware/PreventRequestsDuringMaintenance.php(109): Illuminate\\Pipeline\\Pipeline->{closure:{closure:Illuminate\\Pipeline\\Pipeline::carry():194}:195}()
#62 /opt/petra_iam_big_project/my_ldap_dashboard/vendor/laravel/framework/src/Illuminate/Pipeline/Pipeline.php(219): Illuminate\\Foundation\\Http\\Middleware\\PreventRequestsDuringMaintenance->handle()
#63 /opt/petra_iam_big_project/my_ldap_dashboard/vendor/laravel/framework/src/Illuminate/Http/Middleware/HandleCors.php(61): Illuminate\\Pipeline\\Pipeline->{closure:{closure:Illuminate\\Pipeline\\Pipeline::carry():194}:195}()
#64 /opt/petra_iam_big_project/my_ldap_dashboard/vendor/laravel/framework/src/Illuminate/Pipeline/Pipeline.php(219): Illuminate\\Http\\Middleware\\HandleCors->handle()
#65 /opt/petra_iam_big_project/my_ldap_dashboard/vendor/laravel/framework/src/Illuminate/Http/Middleware/TrustProxies.php(58): Illuminate\\Pipeline\\Pipeline->{closure:{closure:Illuminate\\Pipeline\\Pipeline::carry():194}:195}()
#66 /opt/petra_iam_big_project/my_ldap_dashboard/vendor/laravel/framework/src/Illuminate/Pipeline/Pipeline.php(219): Illuminate\\Http\\Middleware\\TrustProxies->handle()
#67 /opt/petra_iam_big_project/my_ldap_dashboard/vendor/laravel/framework/src/Illuminate/Foundation/Http/Middleware/InvokeDeferredCallbacks.php(22): Illuminate\\Pipeline\\Pipeline->{closure:{closure:Illuminate\\Pipeline\\Pipeline::carry():194}:195}()
#68 /opt/petra_iam_big_project/my_ldap_dashboard/vendor/laravel/framework/src/Illuminate/Pipeline/Pipeline.php(219): Illuminate\\Foundation\\Http\\Middleware\\InvokeDeferredCallbacks->handle()
#69 /opt/petra_iam_big_project/my_ldap_dashboard/vendor/laravel/framework/src/Illuminate/Http/Middleware/ValidatePathEncoding.php(28): Illuminate\\Pipeline\\Pipeline->{closure:{closure:Illuminate\\Pipeline\\Pipeline::carry():194}:195}()
#70 /opt/petra_iam_big_project/my_ldap_dashboard/vendor/laravel/framework/src/Illuminate/Pipeline/Pipeline.php(219): Illuminate\\Http\\Middleware\\ValidatePathEncoding->handle()
#71 /opt/petra_iam_big_project/my_ldap_dashboard/vendor/laravel/framework/src/Illuminate/Pipeline/Pipeline.php(137): Illuminate\\Pipeline\\Pipeline->{closure:{closure:Illuminate\\Pipeline\\Pipeline::carry():194}:195}()
#72 /opt/petra_iam_big_project/my_ldap_dashboard/vendor/laravel/framework/src/Illuminate/Foundation/Http/Kernel.php(175): Illuminate\\Pipeline\\Pipeline->then()
#73 /opt/petra_iam_big_project/my_ldap_dashboard/vendor/laravel/framework/src/Illuminate/Foundation/Http/Kernel.php(144): Illuminate\\Foundation\\Http\\Kernel->sendRequestThroughRouter()
#74 /opt/petra_iam_big_project/my_ldap_dashboard/vendor/laravel/framework/src/Illuminate/Foundation/Application.php(1220): Illuminate\\Foundation\\Http\\Kernel->handle()
#75 /opt/petra_iam_big_project/my_ldap_dashboard/public/index.php(20): Illuminate\\Foundation\\Application->handleRequest()
#76 /opt/petra_iam_big_project/my_ldap_dashboard/vendor/laravel/framework/src/Illuminate/Foundation/resources/server.php(23): require_once('...')
#77 {main}

[previous exception] [object] (Illuminate\\View\\ViewException(code: 0): App\\Support\\Directory\\LdapSchemaObjectClassHelper::objectClasses(): Return value must be of type Illuminate\\Support\\Collection, __PHP_Incomplete_Class returned (View: /opt/petra_iam_big_project/my_ldap_dashboard/vendor/filament/forms/resources/views/components/select.blade.php) at /opt/petra_iam_big_project/my_ldap_dashboard/app/Support/Directory/LdapSchemaObjectClassHelper.php:107)
[stacktrace]
#0 /opt/petra_iam_big_project/my_ldap_dashboard/vendor/livewire/livewire/src/Mechanisms/ExtendBlade/ExtendedCompilerEngine.php(58): Illuminate\\View\\Engines\\CompilerEngine->handleViewException()
#1 /opt/petra_iam_big_project/my_ldap_dashboard/vendor/livewire/livewire/src/Mechanisms/ExtendBlade/ExtendedCompilerEngine.php(40): Livewire\\Mechanisms\\ExtendBlade\\ExtendedCompilerEngine->handleViewException()
#2 /opt/petra_iam_big_project/my_ldap_dashboard/vendor/laravel/framework/src/Illuminate/View/Engines/CompilerEngine.php(76): Livewire\\Mechanisms\\ExtendBlade\\ExtendedCompilerEngine->evaluatePath()
#3 /opt/petra_iam_big_project/my_ldap_dashboard/vendor/livewire/livewire/src/Mechanisms/ExtendBlade/ExtendedCompilerEngine.php(16): Illuminate\\View\\Engines\\CompilerEngine->get()
#4 /opt/petra_iam_big_project/my_ldap_dashboard/vendor/laravel/framework/src/Illuminate/View/View.php(208): Livewire\\Mechanisms\\ExtendBlade\\ExtendedCompilerEngine->get()
#5 /opt/petra_iam_big_project/my_ldap_dashboard/vendor/laravel/framework/src/Illuminate/View/View.php(191): Illuminate\\View\\View->getContents()
#6 /opt/petra_iam_big_project/my_ldap_dashboard/vendor/laravel/framework/src/Illuminate/View/View.php(160): Illuminate\\View\\View->renderContents()
#7 /opt/petra_iam_big_project/my_ldap_dashboard/vendor/filament/support/src/Components/ViewComponent.php(125): Illuminate\\View\\View->render()
#8 /opt/petra_iam_big_project/my_ldap_dashboard/vendor/filament/schemas/src/Components/Component.php(219): Filament\\Support\\Components\\ViewComponent->toHtml()
#9 /opt/petra_iam_big_project/my_ldap_dashboard/vendor/filament/schemas/src/Schema.php(204): Filament\\Schemas\\Components\\Component->toSchemaHtml()
#10 /opt/petra_iam_big_project/my_ldap_dashboard/vendor/filament/support/src/Components/ViewComponent.php(122): Filament\\Schemas\\Schema->toEmbeddedHtml()
#11 /opt/petra_iam_big_project/my_ldap_dashboard/vendor/laravel/framework/src/Illuminate/Support/helpers.php(131): Filament\\Support\\Components\\ViewComponent->toHtml()
#12 /opt/petra_iam_big_project/my_ldap_dashboard/storage/app/public/framework/views/762626050b16ff1d97c8897bbdb8e42e.php(53): e()
#13 /opt/petra_iam_big_project/my_ldap_dashboard/vendor/livewire/livewire/src/Mechanisms/ExtendBlade/ExtendedCompilerEngine.php(37): include('...')
#14 /opt/petra_iam_big_project/my_ldap_dashboard/vendor/livewire/livewire/src/Mechanisms/ExtendBlade/ExtendedCompilerEngine.php(38): App\\Filament\\Resources\\Directory\\DirectoryObjectManagerResource\\Pages\\ListDirectoryObjects->{closure:Livewire\\Mechanisms\\ExtendBlade\\ExtendedCompilerEngine::evaluatePath():35}()
#15 /opt/petra_iam_big_project/my_ldap_dashboard/vendor/laravel/framework/src/Illuminate/View/Engines/CompilerEngine.php(76): Livewire\\Mechanisms\\ExtendBlade\\ExtendedCompilerEngine->evaluatePath()
#16 /opt/petra_iam_big_project/my_ldap_dashboard/vendor/livewire/livewire/src/Mechanisms/ExtendBlade/ExtendedCompilerEngine.php(16): Illuminate\\View\\Engines\\CompilerEngine->get()
#17 /opt/petra_iam_big_project/my_ldap_dashboard/vendor/laravel/framework/src/Illuminate/View/View.php(208): Livewire\\Mechanisms\\ExtendBlade\\ExtendedCompilerEngine->get()
#18 /opt/petra_iam_big_project/my_ldap_dashboard/vendor/laravel/framework/src/Illuminate/View/View.php(191): Illuminate\\View\\View->getContents()
#19 /opt/petra_iam_big_project/my_ldap_dashboard/vendor/laravel/framework/src/Illuminate/View/View.php(160): Illuminate\\View\\View->renderContents()
#20 /opt/petra_iam_big_project/my_ldap_dashboard/vendor/filament/actions/src/Action.php(755): Illuminate\\View\\View->render()
#21 /opt/petra_iam_big_project/my_ldap_dashboard/storage/app/public/framework/views/5bf1ef960fa1a42e3d2ebcb35221d062.php(11): Filament\\Actions\\Action->toModalHtmlable()
#22 /opt/petra_iam_big_project/my_ldap_dashboard/vendor/livewire/livewire/src/Mechanisms/ExtendBlade/ExtendedCompilerEngine.php(37): include('...')
#23 /opt/petra_iam_big_project/my_ldap_dashboard/vendor/livewire/livewire/src/Mechanisms/ExtendBlade/ExtendedCompilerEngine.php(38): App\\Filament\\Resources\\Directory\\DirectoryObjectManagerResource\\Pages\\ListDirectoryObjects->{closure:Livewire\\Mechanisms\\ExtendBlade\\ExtendedCompilerEngine::evaluatePath():35}()
#24 /opt/petra_iam_big_project/my_ldap_dashboard/vendor/laravel/framework/src/Illuminate/View/Engines/CompilerEngine.php(76): Livewire\\Mechanisms\\ExtendBlade\\ExtendedCompilerEngine->evaluatePath()
#25 /opt/petra_iam_big_project/my_ldap_dashboard/vendor/livewire/livewire/src/Mechanisms/ExtendBlade/ExtendedCompilerEngine.php(16): Illuminate\\View\\Engines\\CompilerEngine->get()
#26 /opt/petra_iam_big_project/my_ldap_dashboard/vendor/laravel/framework/src/Illuminate/View/View.php(208): Livewire\\Mechanisms\\ExtendBlade\\ExtendedCompilerEngine->get()
#27 /opt/petra_iam_big_project/my_ldap_dashboard/vendor/laravel/framework/src/Illuminate/View/View.php(191): Illuminate\\View\\View->getContents()
#28 /opt/petra_iam_big_project/my_ldap_dashboard/vendor/laravel/framework/src/Illuminate/View/View.php(160): Illuminate\\View\\View->renderContents()
#29 /opt/petra_iam_big_project/my_ldap_dashboard/vendor/filament/support/src/Livewire/Partials/PartialsComponentHook.php(134): Illuminate\\View\\View->render()
#30 /opt/petra_iam_big_project/my_ldap_dashboard/vendor/filament/support/src/Livewire/Partials/PartialsComponentHook.php(183): Filament\\Support\\Livewire\\Partials\\PartialsComponentHook->{closure:Filament\\Support\\Livewire\\Partials\\PartialsComponentHook::dehydrate():122}()
#31 /opt/petra_iam_big_project/my_ldap_dashboard/vendor/livewire/livewire/src/ComponentHook.php(75): Filament\\Support\\Livewire\\Partials\\PartialsComponentHook->dehydrate()
#32 /opt/petra_iam_big_project/my_ldap_dashboard/vendor/livewire/livewire/src/ComponentHookRegistry.php(114): Livewire\\ComponentHook->callDehydrate()
#33 /opt/petra_iam_big_project/my_ldap_dashboard/vendor/livewire/livewire/src/ComponentHookRegistry.php(77): Livewire\\ComponentHookRegistry::{closure:Livewire\\ComponentHookRegistry::proxyCallToHooks():110}()
#34 /opt/petra_iam_big_project/my_ldap_dashboard/vendor/livewire/livewire/src/EventBus.php(87): Livewire\\ComponentHookRegistry::{closure:Livewire\\ComponentHookRegistry::boot():76}()
#35 /opt/petra_iam_big_project/my_ldap_dashboard/vendor/livewire/livewire/src/helpers.php(98): Livewire\\EventBus->trigger()
#36 /opt/petra_iam_big_project/my_ldap_dashboard/vendor/livewire/livewire/src/Mechanisms/HandleComponents/HandleComponents.php(249): Livewire\\trigger()
#37 /opt/petra_iam_big_project/my_ldap_dashboard/vendor/livewire/livewire/src/LivewireManager.php(131): Livewire\\Mechanisms\\HandleComponents\\HandleComponents->update()
#38 /opt/petra_iam_big_project/my_ldap_dashboard/vendor/livewire/livewire/src/Mechanisms/HandleRequests/HandleRequests.php(202): Livewire\\LivewireManager->update()
#39 /opt/petra_iam_big_project/my_ldap_dashboard/vendor/laravel/framework/src/Illuminate/Routing/ControllerDispatcher.php(46): Livewire\\Mechanisms\\HandleRequests\\HandleRequests->handleUpdate()
#40 /opt/petra_iam_big_project/my_ldap_dashboard/vendor/laravel/framework/src/Illuminate/Routing/Route.php(269): Illuminate\\Routing\\ControllerDispatcher->dispatch()
#41 /opt/petra_iam_big_project/my_ldap_dashboard/vendor/laravel/framework/src/Illuminate/Routing/Route.php(215): Illuminate\\Routing\\Route->runController()
#42 /opt/petra_iam_big_project/my_ldap_dashboard/vendor/laravel/framework/src/Illuminate/Routing/Router.php(822): Illuminate\\Routing\\Route->run()
#43 /opt/petra_iam_big_project/my_ldap_dashboard/vendor/laravel/framework/src/Illuminate/Pipeline/Pipeline.php(180): Illuminate\\Routing\\Router->{closure:Illuminate\\Routing\\Router::runRouteWithinStack():821}()
#44 /opt/petra_iam_big_project/my_ldap_dashboard/vendor/livewire/livewire/src/Mechanisms/HandleRequests/RequireLivewireHeaders.php(19): Illuminate\\Pipeline\\Pipeline->{closure:Illuminate\\Pipeline\\Pipeline::prepareDestination():178}()
#45 /opt/petra_iam_big_project/my_ldap_dashboard/vendor/laravel/framework/src/Illuminate/Pipeline/Pipeline.php(219): Livewire\\Mechanisms\\HandleRequests\\RequireLivewireHeaders->handle()
#46 /opt/petra_iam_big_project/my_ldap_dashboard/vendor/laravel/framework/src/Illuminate/Routing/Middleware/SubstituteBindings.php(52): Illuminate\\Pipeline\\Pipeline->{closure:{closure:Illuminate\\Pipeline\\Pipeline::carry():194}:195}()
#47 /opt/petra_iam_big_project/my_ldap_dashboard/vendor/laravel/framework/src/Illuminate/Pipeline/Pipeline.php(219): Illuminate\\Routing\\Middleware\\SubstituteBindings->handle()
#48 /opt/petra_iam_big_project/my_ldap_dashboard/vendor/laravel/framework/src/Illuminate/Foundation/Http/Middleware/PreventRequestForgery.php(104): Illuminate\\Pipeline\\Pipeline->{closure:{closure:Illuminate\\Pipeline\\Pipeline::carry():194}:195}()
#49 /opt/petra_iam_big_project/my_ldap_dashboard/vendor/laravel/framework/src/Illuminate/Pipeline/Pipeline.php(219): Illuminate\\Foundation\\Http\\Middleware\\PreventRequestForgery->handle()
#50 /opt/petra_iam_big_project/my_ldap_dashboard/vendor/laravel/framework/src/Illuminate/View/Middleware/ShareErrorsFromSession.php(48): Illuminate\\Pipeline\\Pipeline->{closure:{closure:Illuminate\\Pipeline\\Pipeline::carry():194}:195}()
#51 /opt/petra_iam_big_project/my_ldap_dashboard/vendor/laravel/framework/src/Illuminate/Pipeline/Pipeline.php(219): Illuminate\\View\\Middleware\\ShareErrorsFromSession->handle()
#52 /opt/petra_iam_big_project/my_ldap_dashboard/vendor/laravel/framework/src/Illuminate/Session/Middleware/StartSession.php(120): Illuminate\\Pipeline\\Pipeline->{closure:{closure:Illuminate\\Pipeline\\Pipeline::carry():194}:195}()
#53 /opt/petra_iam_big_project/my_ldap_dashboard/vendor/laravel/framework/src/Illuminate/Session/Middleware/StartSession.php(63): Illuminate\\Session\\Middleware\\StartSession->handleStatefulRequest()
#54 /opt/petra_iam_big_project/my_ldap_dashboard/vendor/laravel/framework/src/Illuminate/Pipeline/Pipeline.php(219): Illuminate\\Session\\Middleware\\StartSession->handle()
#55 /opt/petra_iam_big_project/my_ldap_dashboard/vendor/laravel/framework/src/Illuminate/Cookie/Middleware/AddQueuedCookiesToResponse.php(36): Illuminate\\Pipeline\\Pipeline->{closure:{closure:Illuminate\\Pipeline\\Pipeline::carry():194}:195}()
#56 /opt/petra_iam_big_project/my_ldap_dashboard/vendor/laravel/framework/src/Illuminate/Pipeline/Pipeline.php(219): Illuminate\\Cookie\\Middleware\\AddQueuedCookiesToResponse->handle()
#57 /opt/petra_iam_big_project/my_ldap_dashboard/vendor/laravel/framework/src/Illuminate/Cookie/Middleware/EncryptCookies.php(74): Illuminate\\Pipeline\\Pipeline->{closure:{closure:Illuminate\\Pipeline\\Pipeline::carry():194}:195}()
#58 /opt/petra_iam_big_project/my_ldap_dashboard/vendor/laravel/framework/src/Illuminate/Pipeline/Pipeline.php(219): Illuminate\\Cookie\\Middleware\\EncryptCookies->handle()
#59 /opt/petra_iam_big_project/my_ldap_dashboard/vendor/laravel/framework/src/Illuminate/Pipeline/Pipeline.php(137): Illuminate\\Pipeline\\Pipeline->{closure:{closure:Illuminate\\Pipeline\\Pipeline::carry():194}:195}()
#60 /opt/petra_iam_big_project/my_ldap_dashboard/vendor/laravel/framework/src/Illuminate/Routing/Router.php(821): Illuminate\\Pipeline\\Pipeline->then()
#61 /opt/petra_iam_big_project/my_ldap_dashboard/vendor/laravel/framework/src/Illuminate/Routing/Router.php(800): Illuminate\\Routing\\Router->runRouteWithinStack()
#62 /opt/petra_iam_big_project/my_ldap_dashboard/vendor/laravel/framework/src/Illuminate/Routing/Router.php(764): Illuminate\\Routing\\Router->runRoute()
#63 /opt/petra_iam_big_project/my_ldap_dashboard/vendor/laravel/framework/src/Illuminate/Routing/Router.php(753): Illuminate\\Routing\\Router->dispatchToRoute()
#64 /opt/petra_iam_big_project/my_ldap_dashboard/vendor/laravel/framework/src/Illuminate/Foundation/Http/Kernel.php(200): Illuminate\\Routing\\Router->dispatch()
#65 /opt/petra_iam_big_project/my_ldap_dashboard/vendor/laravel/framework/src/Illuminate/Pipeline/Pipeline.php(180): Illuminate\\Foundation\\Http\\Kernel->{closure:Illuminate\\Foundation\\Http\\Kernel::dispatchToRouter():197}()
#66 /opt/petra_iam_big_project/my_ldap_dashboard/vendor/livewire/livewire/src/Features/SupportDisablingBackButtonCache/DisableBackButtonCacheMiddleware.php(19): Illuminate\\Pipeline\\Pipeline->{closure:Illuminate\\Pipeline\\Pipeline::prepareDestination():178}()
#67 /opt/petra_iam_big_project/my_ldap_dashboard/vendor/laravel/framework/src/Illuminate/Pipeline/Pipeline.php(219): Livewire\\Features\\SupportDisablingBackButtonCache\\DisableBackButtonCacheMiddleware->handle()
#68 /opt/petra_iam_big_project/my_ldap_dashboard/vendor/laravel/framework/src/Illuminate/Foundation/Http/Middleware/ConvertEmptyStringsToNull.php(27): Illuminate\\Pipeline\\Pipeline->{closure:{closure:Illuminate\\Pipeline\\Pipeline::carry():194}:195}()
#69 /opt/petra_iam_big_project/my_ldap_dashboard/vendor/laravel/framework/src/Illuminate/Pipeline/Pipeline.php(219): Illuminate\\Foundation\\Http\\Middleware\\ConvertEmptyStringsToNull->handle()
#70 /opt/petra_iam_big_project/my_ldap_dashboard/vendor/laravel/framework/src/Illuminate/Foundation/Http/Middleware/TrimStrings.php(47): Illuminate\\Pipeline\\Pipeline->{closure:{closure:Illuminate\\Pipeline\\Pipeline::carry():194}:195}()
#71 /opt/petra_iam_big_project/my_ldap_dashboard/vendor/laravel/framework/src/Illuminate/Pipeline/Pipeline.php(219): Illuminate\\Foundation\\Http\\Middleware\\TrimStrings->handle()
#72 /opt/petra_iam_big_project/my_ldap_dashboard/vendor/laravel/framework/src/Illuminate/Http/Middleware/ValidatePostSize.php(27): Illuminate\\Pipeline\\Pipeline->{closure:{closure:Illuminate\\Pipeline\\Pipeline::carry():194}:195}()
#73 /opt/petra_iam_big_project/my_ldap_dashboard/vendor/laravel/framework/src/Illuminate/Pipeline/Pipeline.php(219): Illuminate\\Http\\Middleware\\ValidatePostSize->handle()
#74 /opt/petra_iam_big_project/my_ldap_dashboard/vendor/laravel/framework/src/Illuminate/Foundation/Http/Middleware/PreventRequestsDuringMaintenance.php(109): Illuminate\\Pipeline\\Pipeline->{closure:{closure:Illuminate\\Pipeline\\Pipeline::carry():194}:195}()
#75 /opt/petra_iam_big_project/my_ldap_dashboard/vendor/laravel/framework/src/Illuminate/Pipeline/Pipeline.php(219): Illuminate\\Foundation\\Http\\Middleware\\PreventRequestsDuringMaintenance->handle()
#76 /opt/petra_iam_big_project/my_ldap_dashboard/vendor/laravel/framework/src/Illuminate/Http/Middleware/HandleCors.php(61): Illuminate\\Pipeline\\Pipeline->{closure:{closure:Illuminate\\Pipeline\\Pipeline::carry():194}:195}()
#77 /opt/petra_iam_big_project/my_ldap_dashboard/vendor/laravel/framework/src/Illuminate/Pipeline/Pipeline.php(219): Illuminate\\Http\\Middleware\\HandleCors->handle()
#78 /opt/petra_iam_big_project/my_ldap_dashboard/vendor/laravel/framework/src/Illuminate/Http/Middleware/TrustProxies.php(58): Illuminate\\Pipeline\\Pipeline->{closure:{closure:Illuminate\\Pipeline\\Pipeline::carry():194}:195}()
#79 /opt/petra_iam_big_project/my_ldap_dashboard/vendor/laravel/framework/src/Illuminate/Pipeline/Pipeline.php(219): Illuminate\\Http\\Middleware\\TrustProxies->handle()
#80 /opt/petra_iam_big_project/my_ldap_dashboard/vendor/laravel/framework/src/Illuminate/Foundation/Http/Middleware/InvokeDeferredCallbacks.php(22): Illuminate\\Pipeline\\Pipeline->{closure:{closure:Illuminate\\Pipeline\\Pipeline::carry():194}:195}()
#81 /opt/petra_iam_big_project/my_ldap_dashboard/vendor/laravel/framework/src/Illuminate/Pipeline/Pipeline.php(219): Illuminate\\Foundation\\Http\\Middleware\\InvokeDeferredCallbacks->handle()
#82 /opt/petra_iam_big_project/my_ldap_dashboard/vendor/laravel/framework/src/Illuminate/Http/Middleware/ValidatePathEncoding.php(28): Illuminate\\Pipeline\\Pipeline->{closure:{closure:Illuminate\\Pipeline\\Pipeline::carry():194}:195}()
#83 /opt/petra_iam_big_project/my_ldap_dashboard/vendor/laravel/framework/src/Illuminate/Pipeline/Pipeline.php(219): Illuminate\\Http\\Middleware\\ValidatePathEncoding->handle()
#84 /opt/petra_iam_big_project/my_ldap_dashboard/vendor/laravel/framework/src/Illuminate/Pipeline/Pipeline.php(137): Illuminate\\Pipeline\\Pipeline->{closure:{closure:Illuminate\\Pipeline\\Pipeline::carry():194}:195}()
#85 /opt/petra_iam_big_project/my_ldap_dashboard/vendor/laravel/framework/src/Illuminate/Foundation/Http/Kernel.php(175): Illuminate\\Pipeline\\Pipeline->then()
#86 /opt/petra_iam_big_project/my_ldap_dashboard/vendor/laravel/framework/src/Illuminate/Foundation/Http/Kernel.php(144): Illuminate\\Foundation\\Http\\Kernel->sendRequestThroughRouter()
#87 /opt/petra_iam_big_project/my_ldap_dashboard/vendor/laravel/framework/src/Illuminate/Foundation/Application.php(1220): Illuminate\\Foundation\\Http\\Kernel->handle()
#88 /opt/petra_iam_big_project/my_ldap_dashboard/public/index.php(20): Illuminate\\Foundation\\Application->handleRequest()
#89 /opt/petra_iam_big_project/my_ldap_dashboard/vendor/laravel/framework/src/Illuminate/Foundation/resources/server.php(23): require_once('...')
#90 {main}

[previous exception] [object] (TypeError(code: 0): App\\Support\\Directory\\LdapSchemaObjectClassHelper::objectClasses(): Return value must be of type Illuminate\\Support\\Collection, __PHP_Incomplete_Class returned at /opt/petra_iam_big_project/my_ldap_dashboard/app/Support/Directory/LdapSchemaObjectClassHelper.php:107)
[stacktrace]
#0 /opt/petra_iam_big_project/my_ldap_dashboard/app/Support/Directory/LdapSchemaObjectClassHelper.php(16): App\\Support\\Directory\\LdapSchemaObjectClassHelper->objectClasses()
#1 /opt/petra_iam_big_project/my_ldap_dashboard/app/Support/Directory/LdapSchemaObjectClassHelper.php(47): App\\Support\\Directory\\LdapSchemaObjectClassHelper->objectClassOptions()
#2 /opt/petra_iam_big_project/my_ldap_dashboard/app/Filament/Resources/Directory/DirectoryObjectManagerResource.php(340): App\\Support\\Directory\\LdapSchemaObjectClassHelper->structuralOptions()
#3 /opt/petra_iam_big_project/my_ldap_dashboard/vendor/filament/support/src/Concerns/EvaluatesClosures.php(36): App\\Filament\\Resources\\Directory\\DirectoryObjectManagerResource::{closure:App\\Filament\\Resources\\Directory\\DirectoryObjectManagerResource::createObjectForm():339}()
#4 /opt/petra_iam_big_project/my_ldap_dashboard/vendor/filament/forms/src/Components/Concerns/HasOptions.php(36): Filament\\Support\\Components\\Component->evaluate()
#5 /opt/petra_iam_big_project/my_ldap_dashboard/vendor/filament/forms/src/Components/Select.php(726): Filament\\Forms\\Components\\Select->getOptions()
#6 /opt/petra_iam_big_project/my_ldap_dashboard/storage/app/public/framework/views/830469a7c275c95d451cc912a0590cc9.php(201): Filament\\Forms\\Components\\Select->getOptionsForJs()
#7 /opt/petra_iam_big_project/my_ldap_dashboard/vendor/livewire/livewire/src/Mechanisms/ExtendBlade/ExtendedCompilerEngine.php(37): include('...')
#8 /opt/petra_iam_big_project/my_ldap_dashboard/vendor/livewire/livewire/src/Mechanisms/ExtendBlade/ExtendedCompilerEngine.php(38): App\\Filament\\Resources\\Directory\\DirectoryObjectManagerResource\\Pages\\ListDirectoryObjects->{closure:Livewire\\Mechanisms\\ExtendBlade\\ExtendedCompilerEngine::evaluatePath():35}()
#9 /opt/petra_iam_big_project/my_ldap_dashboard/vendor/laravel/framework/src/Illuminate/View/Engines/CompilerEngine.php(76): Livewire\\Mechanisms\\ExtendBlade\\ExtendedCompilerEngine->evaluatePath()
#10 /opt/petra_iam_big_project/my_ldap_dashboard/vendor/livewire/livewire/src/Mechanisms/ExtendBlade/ExtendedCompilerEngine.php(16): Illuminate\\View\\Engines\\CompilerEngine->get()
#11 /opt/petra_iam_big_project/my_ldap_dashboard/vendor/laravel/framework/src/Illuminate/View/View.php(208): Livewire\\Mechanisms\\ExtendBlade\\ExtendedCompilerEngine->get()
#12 /opt/petra_iam_big_project/my_ldap_dashboard/vendor/laravel/framework/src/Illuminate/View/View.php(191): Illuminate\\View\\View->getContents()
#13 /opt/petra_iam_big_project/my_ldap_dashboard/vendor/laravel/framework/src/Illuminate/View/View.php(160): Illuminate\\View\\View->renderContents()
#14 /opt/petra_iam_big_project/my_ldap_dashboard/vendor/filament/support/src/Components/ViewComponent.php(125): Illuminate\\View\\View->render()
#15 /opt/petra_iam_big_project/my_ldap_dashboard/vendor/filament/schemas/src/Components/Component.php(219): Filament\\Support\\Components\\ViewComponent->toHtml()
#16 /opt/petra_iam_big_project/my_ldap_dashboard/vendor/filament/schemas/src/Schema.php(204): Filament\\Schemas\\Components\\Component->toSchemaHtml()
#17 /opt/petra_iam_big_project/my_ldap_dashboard/vendor/filament/support/src/Components/ViewComponent.php(122): Filament\\Schemas\\Schema->toEmbeddedHtml()
#18 /opt/petra_iam_big_project/my_ldap_dashboard/vendor/laravel/framework/src/Illuminate/Support/helpers.php(131): Filament\\Support\\Components\\ViewComponent->toHtml()
#19 /opt/petra_iam_big_project/my_ldap_dashboard/storage/app/public/framework/views/762626050b16ff1d97c8897bbdb8e42e.php(53): e()
#20 /opt/petra_iam_big_project/my_ldap_dashboard/vendor/livewire/livewire/src/Mechanisms/ExtendBlade/ExtendedCompilerEngine.php(37): include('...')
#21 /opt/petra_iam_big_project/my_ldap_dashboard/vendor/livewire/livewire/src/Mechanisms/ExtendBlade/ExtendedCompilerEngine.php(38): App\\Filament\\Resources\\Directory\\DirectoryObjectManagerResource\\Pages\\ListDirectoryObjects->{closure:Livewire\\Mechanisms\\ExtendBlade\\ExtendedCompilerEngine::evaluatePath():35}()
#22 /opt/petra_iam_big_project/my_ldap_dashboard/vendor/laravel/framework/src/Illuminate/View/Engines/CompilerEngine.php(76): Livewire\\Mechanisms\\ExtendBlade\\ExtendedCompilerEngine->evaluatePath()
#23 /opt/petra_iam_big_project/my_ldap_dashboard/vendor/livewire/livewire/src/Mechanisms/ExtendBlade/ExtendedCompilerEngine.php(16): Illuminate\\View\\Engines\\CompilerEngine->get()
#24 /opt/petra_iam_big_project/my_ldap_dashboard/vendor/laravel/framework/src/Illuminate/View/View.php(208): Livewire\\Mechanisms\\ExtendBlade\\ExtendedCompilerEngine->get()
#25 /opt/petra_iam_big_project/my_ldap_dashboard/vendor/laravel/framework/src/Illuminate/View/View.php(191): Illuminate\\View\\View->getContents()
#26 /opt/petra_iam_big_project/my_ldap_dashboard/vendor/laravel/framework/src/Illuminate/View/View.php(160): Illuminate\\View\\View->renderContents()
#27 /opt/petra_iam_big_project/my_ldap_dashboard/vendor/filament/actions/src/Action.php(755): Illuminate\\View\\View->render()
#28 /opt/petra_iam_big_project/my_ldap_dashboard/storage/app/public/framework/views/5bf1ef960fa1a42e3d2ebcb35221d062.php(11): Filament\\Actions\\Action->toModalHtmlable()
#29 /opt/petra_iam_big_project/my_ldap_dashboard/vendor/livewire/livewire/src/Mechanisms/ExtendBlade/ExtendedCompilerEngine.php(37): include('...')
#30 /opt/petra_iam_big_project/my_ldap_dashboard/vendor/livewire/livewire/src/Mechanisms/ExtendBlade/ExtendedCompilerEngine.php(38): App\\Filament\\Resources\\Directory\\DirectoryObjectManagerResource\\Pages\\ListDirectoryObjects->{closure:Livewire\\Mechanisms\\ExtendBlade\\ExtendedCompilerEngine::evaluatePath():35}()
#31 /opt/petra_iam_big_project/my_ldap_dashboard/vendor/laravel/framework/src/Illuminate/View/Engines/CompilerEngine.php(76): Livewire\\Mechanisms\\ExtendBlade\\ExtendedCompilerEngine->evaluatePath()
#32 /opt/petra_iam_big_project/my_ldap_dashboard/vendor/livewire/livewire/src/Mechanisms/ExtendBlade/ExtendedCompilerEngine.php(16): Illuminate\\View\\Engines\\CompilerEngine->get()
#33 /opt/petra_iam_big_project/my_ldap_dashboard/vendor/laravel/framework/src/Illuminate/View/View.php(208): Livewire\\Mechanisms\\ExtendBlade\\ExtendedCompilerEngine->get()
#34 /opt/petra_iam_big_project/my_ldap_dashboard/vendor/laravel/framework/src/Illuminate/View/View.php(191): Illuminate\\View\\View->getContents()
#35 /opt/petra_iam_big_project/my_ldap_dashboard/vendor/laravel/framework/src/Illuminate/View/View.php(160): Illuminate\\View\\View->renderContents()
#36 /opt/petra_iam_big_project/my_ldap_dashboard/vendor/filament/support/src/Livewire/Partials/PartialsComponentHook.php(134): Illuminate\\View\\View->render()
#37 /opt/petra_iam_big_project/my_ldap_dashboard/vendor/filament/support/src/Livewire/Partials/PartialsComponentHook.php(183): Filament\\Support\\Livewire\\Partials\\PartialsComponentHook->{closure:Filament\\Support\\Livewire\\Partials\\PartialsComponentHook::dehydrate():122}()
#38 /opt/petra_iam_big_project/my_ldap_dashboard/vendor/livewire/livewire/src/ComponentHook.php(75): Filament\\Support\\Livewire\\Partials\\PartialsComponentHook->dehydrate()
#39 /opt/petra_iam_big_project/my_ldap_dashboard/vendor/livewire/livewire/src/ComponentHookRegistry.php(114): Livewire\\ComponentHook->callDehydrate()
#40 /opt/petra_iam_big_project/my_ldap_dashboard/vendor/livewire/livewire/src/ComponentHookRegistry.php(77): Livewire\\ComponentHookRegistry::{closure:Livewire\\ComponentHookRegistry::proxyCallToHooks():110}()
#41 /opt/petra_iam_big_project/my_ldap_dashboard/vendor/livewire/livewire/src/EventBus.php(87): Livewire\\ComponentHookRegistry::{closure:Livewire\\ComponentHookRegistry::boot():76}()
#42 /opt/petra_iam_big_project/my_ldap_dashboard/vendor/livewire/livewire/src/helpers.php(98): Livewire\\EventBus->trigger()
#43 /opt/petra_iam_big_project/my_ldap_dashboard/vendor/livewire/livewire/src/Mechanisms/HandleComponents/HandleComponents.php(249): Livewire\\trigger()
#44 /opt/petra_iam_big_project/my_ldap_dashboard/vendor/livewire/livewire/src/LivewireManager.php(131): Livewire\\Mechanisms\\HandleComponents\\HandleComponents->update()
#45 /opt/petra_iam_big_project/my_ldap_dashboard/vendor/livewire/livewire/src/Mechanisms/HandleRequests/HandleRequests.php(202): Livewire\\LivewireManager->update()
#46 /opt/petra_iam_big_project/my_ldap_dashboard/vendor/laravel/framework/src/Illuminate/Routing/ControllerDispatcher.php(46): Livewire\\Mechanisms\\HandleRequests\\HandleRequests->handleUpdate()
#47 /opt/petra_iam_big_project/my_ldap_dashboard/vendor/laravel/framework/src/Illuminate/Routing/Route.php(269): Illuminate\\Routing\\ControllerDispatcher->dispatch()
#48 /opt/petra_iam_big_project/my_ldap_dashboard/vendor/laravel/framework/src/Illuminate/Routing/Route.php(215): Illuminate\\Routing\\Route->runController()
#49 /opt/petra_iam_big_project/my_ldap_dashboard/vendor/laravel/framework/src/Illuminate/Routing/Router.php(822): Illuminate\\Routing\\Route->run()
#50 /opt/petra_iam_big_project/my_ldap_dashboard/vendor/laravel/framework/src/Illuminate/Pipeline/Pipeline.php(180): Illuminate\\Routing\\Router->{closure:Illuminate\\Routing\\Router::runRouteWithinStack():821}()
#51 /opt/petra_iam_big_project/my_ldap_dashboard/vendor/livewire/livewire/src/Mechanisms/HandleRequests/RequireLivewireHeaders.php(19): Illuminate\\Pipeline\\Pipeline->{closure:Illuminate\\Pipeline\\Pipeline::prepareDestination():178}()
#52 /opt/petra_iam_big_project/my_ldap_dashboard/vendor/laravel/framework/src/Illuminate/Pipeline/Pipeline.php(219): Livewire\\Mechanisms\\HandleRequests\\RequireLivewireHeaders->handle()
#53 /opt/petra_iam_big_project/my_ldap_dashboard/vendor/laravel/framework/src/Illuminate/Routing/Middleware/SubstituteBindings.php(52): Illuminate\\Pipeline\\Pipeline->{closure:{closure:Illuminate\\Pipeline\\Pipeline::carry():194}:195}()
#54 /opt/petra_iam_big_project/my_ldap_dashboard/vendor/laravel/framework/src/Illuminate/Pipeline/Pipeline.php(219): Illuminate\\Routing\\Middleware\\SubstituteBindings->handle()
#55 /opt/petra_iam_big_project/my_ldap_dashboard/vendor/laravel/framework/src/Illuminate/Foundation/Http/Middleware/PreventRequestForgery.php(104): Illuminate\\Pipeline\\Pipeline->{closure:{closure:Illuminate\\Pipeline\\Pipeline::carry():194}:195}()
#56 /opt/petra_iam_big_project/my_ldap_dashboard/vendor/laravel/framework/src/Illuminate/Pipeline/Pipeline.php(219): Illuminate\\Foundation\\Http\\Middleware\\PreventRequestForgery->handle()
#57 /opt/petra_iam_big_project/my_ldap_dashboard/vendor/laravel/framework/src/Illuminate/View/Middleware/ShareErrorsFromSession.php(48): Illuminate\\Pipeline\\Pipeline->{closure:{closure:Illuminate\\Pipeline\\Pipeline::carry():194}:195}()
#58 /opt/petra_iam_big_project/my_ldap_dashboard/vendor/laravel/framework/src/Illuminate/Pipeline/Pipeline.php(219): Illuminate\\View\\Middleware\\ShareErrorsFromSession->handle()
#59 /opt/petra_iam_big_project/my_ldap_dashboard/vendor/laravel/framework/src/Illuminate/Session/Middleware/StartSession.php(120): Illuminate\\Pipeline\\Pipeline->{closure:{closure:Illuminate\\Pipeline\\Pipeline::carry():194}:195}()
#60 /opt/petra_iam_big_project/my_ldap_dashboard/vendor/laravel/framework/src/Illuminate/Session/Middleware/StartSession.php(63): Illuminate\\Session\\Middleware\\StartSession->handleStatefulRequest()
#61 /opt/petra_iam_big_project/my_ldap_dashboard/vendor/laravel/framework/src/Illuminate/Pipeline/Pipeline.php(219): Illuminate\\Session\\Middleware\\StartSession->handle()
#62 /opt/petra_iam_big_project/my_ldap_dashboard/vendor/laravel/framework/src/Illuminate/Cookie/Middleware/AddQueuedCookiesToResponse.php(36): Illuminate\\Pipeline\\Pipeline->{closure:{closure:Illuminate\\Pipeline\\Pipeline::carry():194}:195}()
#63 /opt/petra_iam_big_project/my_ldap_dashboard/vendor/laravel/framework/src/Illuminate/Pipeline/Pipeline.php(219): Illuminate\\Cookie\\Middleware\\AddQueuedCookiesToResponse->handle()
#64 /opt/petra_iam_big_project/my_ldap_dashboard/vendor/laravel/framework/src/Illuminate/Cookie/Middleware/EncryptCookies.php(74): Illuminate\\Pipeline\\Pipeline->{closure:{closure:Illuminate\\Pipeline\\Pipeline::carry():194}:195}()
#65 /opt/petra_iam_big_project/my_ldap_dashboard/vendor/laravel/framework/src/Illuminate/Pipeline/Pipeline.php(219): Illuminate\\Cookie\\Middleware\\EncryptCookies->handle()
#66 /opt/petra_iam_big_project/my_ldap_dashboard/vendor/laravel/framework/src/Illuminate/Pipeline/Pipeline.php(137): Illuminate\\Pipeline\\Pipeline->{closure:{closure:Illuminate\\Pipeline\\Pipeline::carry():194}:195}()
#67 /opt/petra_iam_big_project/my_ldap_dashboard/vendor/laravel/framework/src/Illuminate/Routing/Router.php(821): Illuminate\\Pipeline\\Pipeline->then()
#68 /opt/petra_iam_big_project/my_ldap_dashboard/vendor/laravel/framework/src/Illuminate/Routing/Router.php(800): Illuminate\\Routing\\Router->runRouteWithinStack()
#69 /opt/petra_iam_big_project/my_ldap_dashboard/vendor/laravel/framework/src/Illuminate/Routing/Router.php(764): Illuminate\\Routing\\Router->runRoute()
#70 /opt/petra_iam_big_project/my_ldap_dashboard/vendor/laravel/framework/src/Illuminate/Routing/Router.php(753): Illuminate\\Routing\\Router->dispatchToRoute()
#71 /opt/petra_iam_big_project/my_ldap_dashboard/vendor/laravel/framework/src/Illuminate/Foundation/Http/Kernel.php(200): Illuminate\\Routing\\Router->dispatch()
#72 /opt/petra_iam_big_project/my_ldap_dashboard/vendor/laravel/framework/src/Illuminate/Pipeline/Pipeline.php(180): Illuminate\\Foundation\\Http\\Kernel->{closure:Illuminate\\Foundation\\Http\\Kernel::dispatchToRouter():197}()
#73 /opt/petra_iam_big_project/my_ldap_dashboard/vendor/livewire/livewire/src/Features/SupportDisablingBackButtonCache/DisableBackButtonCacheMiddleware.php(19): Illuminate\\Pipeline\\Pipeline->{closure:Illuminate\\Pipeline\\Pipeline::prepareDestination():178}()
#74 /opt/petra_iam_big_project/my_ldap_dashboard/vendor/laravel/framework/src/Illuminate/Pipeline/Pipeline.php(219): Livewire\\Features\\SupportDisablingBackButtonCache\\DisableBackButtonCacheMiddleware->handle()
#75 /opt/petra_iam_big_project/my_ldap_dashboard/vendor/laravel/framework/src/Illuminate/Foundation/Http/Middleware/ConvertEmptyStringsToNull.php(27): Illuminate\\Pipeline\\Pipeline->{closure:{closure:Illuminate\\Pipeline\\Pipeline::carry():194}:195}()
#76 /opt/petra_iam_big_project/my_ldap_dashboard/vendor/laravel/framework/src/Illuminate/Pipeline/Pipeline.php(219): Illuminate\\Foundation\\Http\\Middleware\\ConvertEmptyStringsToNull->handle()
#77 /opt/petra_iam_big_project/my_ldap_dashboard/vendor/laravel/framework/src/Illuminate/Foundation/Http/Middleware/TrimStrings.php(47): Illuminate\\Pipeline\\Pipeline->{closure:{closure:Illuminate\\Pipeline\\Pipeline::carry():194}:195}()
#78 /opt/petra_iam_big_project/my_ldap_dashboard/vendor/laravel/framework/src/Illuminate/Pipeline/Pipeline.php(219): Illuminate\\Foundation\\Http\\Middleware\\TrimStrings->handle()
#79 /opt/petra_iam_big_project/my_ldap_dashboard/vendor/laravel/framework/src/Illuminate/Http/Middleware/ValidatePostSize.php(27): Illuminate\\Pipeline\\Pipeline->{closure:{closure:Illuminate\\Pipeline\\Pipeline::carry():194}:195}()
#80 /opt/petra_iam_big_project/my_ldap_dashboard/vendor/laravel/framework/src/Illuminate/Pipeline/Pipeline.php(219): Illuminate\\Http\\Middleware\\ValidatePostSize->handle()
#81 /opt/petra_iam_big_project/my_ldap_dashboard/vendor/laravel/framework/src/Illuminate/Foundation/Http/Middleware/PreventRequestsDuringMaintenance.php(109): Illuminate\\Pipeline\\Pipeline->{closure:{closure:Illuminate\\Pipeline\\Pipeline::carry():194}:195}()
#82 /opt/petra_iam_big_project/my_ldap_dashboard/vendor/laravel/framework/src/Illuminate/Pipeline/Pipeline.php(219): Illuminate\\Foundation\\Http\\Middleware\\PreventRequestsDuringMaintenance->handle()
#83 /opt/petra_iam_big_project/my_ldap_dashboard/vendor/laravel/framework/src/Illuminate/Http/Middleware/HandleCors.php(61): Illuminate\\Pipeline\\Pipeline->{closure:{closure:Illuminate\\Pipeline\\Pipeline::carry():194}:195}()
#84 /opt/petra_iam_big_project/my_ldap_dashboard/vendor/laravel/framework/src/Illuminate/Pipeline/Pipeline.php(219): Illuminate\\Http\\Middleware\\HandleCors->handle()
#85 /opt/petra_iam_big_project/my_ldap_dashboard/vendor/laravel/framework/src/Illuminate/Http/Middleware/TrustProxies.php(58): Illuminate\\Pipeline\\Pipeline->{closure:{closure:Illuminate\\Pipeline\\Pipeline::carry():194}:195}()
#86 /opt/petra_iam_big_project/my_ldap_dashboard/vendor/laravel/framework/src/Illuminate/Pipeline/Pipeline.php(219): Illuminate\\Http\\Middleware\\TrustProxies->handle()
#87 /opt/petra_iam_big_project/my_ldap_dashboard/vendor/laravel/framework/src/Illuminate/Foundation/Http/Middleware/InvokeDeferredCallbacks.php(22): Illuminate\\Pipeline\\Pipeline->{closure:{closure:Illuminate\\Pipeline\\Pipeline::carry():194}:195}()
#88 /opt/petra_iam_big_project/my_ldap_dashboard/vendor/laravel/framework/src/Illuminate/Pipeline/Pipeline.php(219): Illuminate\\Foundation\\Http\\Middleware\\InvokeDeferredCallbacks->handle()
#89 /opt/petra_iam_big_project/my_ldap_dashboard/vendor/laravel/framework/src/Illuminate/Http/Middleware/ValidatePathEncoding.php(28): Illuminate\\Pipeline\\Pipeline->{closure:{closure:Illuminate\\Pipeline\\Pipeline::carry():194}:195}()
#90 /opt/petra_iam_big_project/my_ldap_dashboard/vendor/laravel/framework/src/Illuminate/Pipeline/Pipeline.php(219): Illuminate\\Http\\Middleware\\ValidatePathEncoding->handle()
#91 /opt/petra_iam_big_project/my_ldap_dashboard/vendor/laravel/framework/src/Illuminate/Pipeline/Pipeline.php(137): Illuminate\\Pipeline\\Pipeline->{closure:{closure:Illuminate\\Pipeline\\Pipeline::carry():194}:195}()
#92 /opt/petra_iam_big_project/my_ldap_dashboard/vendor/laravel/framework/src/Illuminate/Foundation/Http/Kernel.php(175): Illuminate\\Pipeline\\Pipeline->then()
#93 /opt/petra_iam_big_project/my_ldap_dashboard/vendor/laravel/framework/src/Illuminate/Foundation/Http/Kernel.php(144): Illuminate\\Foundation\\Http\\Kernel->sendRequestThroughRouter()
#94 /opt/petra_iam_big_project/my_ldap_dashboard/vendor/laravel/framework/src/Illuminate/Foundation/Application.php(1220): Illuminate\\Foundation\\Http\\Kernel->handle()
#95 /opt/petra_iam_big_project/my_ldap_dashboard/public/index.php(20): Illuminate\\Foundation\\Application->handleRequest()
#96 /opt/petra_iam_big_project/my_ldap_dashboard/vendor/laravel/framework/src/Illuminate/Foundation/resources/server.php(23): require_once('...')
#97 {main}
"} 
