[2026-05-12 20:01:55] local.ERROR: include(/opt/petra_iam_big_project/my_ldap_dashboard/vendor/composer/../../app/Filament/Resources/Directory/DirectoryObjectManagerResource/Pages/ViewDirectoryObject.php): Failed to open stream: No such file or directory {"exception":"[object] (ErrorException(code: 0): include(/opt/petra_iam_big_project/my_ldap_dashboard/vendor/composer/../../app/Filament/Resources/Directory/DirectoryObjectManagerResource/Pages/ViewDirectoryObject.php): Failed to open stream: No such file or directory at /opt/petra_iam_big_project/my_ldap_dashboard/vendor/composer/ClassLoader.php:576)
[stacktrace]
#0 /opt/petra_iam_big_project/my_ldap_dashboard/vendor/laravel/framework/src/Illuminate/Foundation/Bootstrap/HandleExceptions.php(258): Illuminate\\Foundation\\Bootstrap\\HandleExceptions->handleError()
#1 /opt/petra_iam_big_project/my_ldap_dashboard/vendor/composer/ClassLoader.php(576): Illuminate\\Foundation\\Bootstrap\\HandleExceptions->{closure:Illuminate\\Foundation\\Bootstrap\\HandleExceptions::forwardsTo():257}()
#2 /opt/petra_iam_big_project/my_ldap_dashboard/vendor/composer/ClassLoader.php(576): include('...')
#3 /opt/petra_iam_big_project/my_ldap_dashboard/vendor/composer/ClassLoader.php(427): {closure:Composer\\Autoload\\ClassLoader::initializeIncludeClosure():575}()
#4 /opt/petra_iam_big_project/my_ldap_dashboard/app/Filament/Resources/Directory/DirectoryObjectManagerResource.php(433): Composer\\Autoload\\ClassLoader->loadClass()
#5 /opt/petra_iam_big_project/my_ldap_dashboard/vendor/filament/filament/src/Panel/Concerns/HasComponents.php(617): App\\Filament\\Resources\\Directory\\DirectoryObjectManagerResource::getPages()
#6 /opt/petra_iam_big_project/my_ldap_dashboard/vendor/filament/filament/src/Panel.php(71): Filament\\Panel->registerLivewireComponents()
#7 /opt/petra_iam_big_project/my_ldap_dashboard/vendor/filament/filament/src/PanelRegistry.php(21): Filament\\Panel->register()
#8 /opt/petra_iam_big_project/my_ldap_dashboard/vendor/filament/filament/src/Facades/Filament.php(192): Filament\\PanelRegistry->register()
#9 /opt/petra_iam_big_project/my_ldap_dashboard/vendor/laravel/framework/src/Illuminate/Container/Container.php(1623): Filament\\Facades\\Filament::{closure:Filament\\Facades\\Filament::registerPanel():192}()
#10 /opt/petra_iam_big_project/my_ldap_dashboard/vendor/laravel/framework/src/Illuminate/Container/Container.php(1543): Illuminate\\Container\\Container->fireCallbackArray()
#11 /opt/petra_iam_big_project/my_ldap_dashboard/vendor/laravel/framework/src/Illuminate/Container/Container.php(954): Illuminate\\Container\\Container->fireResolvingCallbacks()
#12 /opt/petra_iam_big_project/my_ldap_dashboard/vendor/laravel/framework/src/Illuminate/Foundation/Application.php(1078): Illuminate\\Container\\Container->resolve()
#13 /opt/petra_iam_big_project/my_ldap_dashboard/vendor/laravel/framework/src/Illuminate/Container/Container.php(864): Illuminate\\Foundation\\Application->resolve()
#14 /opt/petra_iam_big_project/my_ldap_dashboard/vendor/laravel/framework/src/Illuminate/Foundation/Application.php(1058): Illuminate\\Container\\Container->make()
#15 /opt/petra_iam_big_project/my_ldap_dashboard/vendor/laravel/framework/src/Illuminate/Foundation/helpers.php(138): Illuminate\\Foundation\\Application->make()
#16 /opt/petra_iam_big_project/my_ldap_dashboard/vendor/filament/filament/src/FilamentManager.php(382): app()
#17 /opt/petra_iam_big_project/my_ldap_dashboard/vendor/laravel/framework/src/Illuminate/Support/Facades/Facade.php(363): Filament\\FilamentManager->getPanels()
#18 /opt/petra_iam_big_project/my_ldap_dashboard/vendor/filament/filament/routes/web.php(17): Illuminate\\Support\\Facades\\Facade::__callStatic()
#19 /opt/petra_iam_big_project/my_ldap_dashboard/vendor/laravel/framework/src/Illuminate/Routing/Router.php(524): Illuminate\\Support\\ServiceProvider->{closure:/opt/petra_iam_big_project/my_ldap_dashboard/vendor/filament/filament/routes/web.php:16}()
#20 /opt/petra_iam_big_project/my_ldap_dashboard/vendor/laravel/framework/src/Illuminate/Routing/Router.php(480): Illuminate\\Routing\\Router->loadRoutes()
#21 /opt/petra_iam_big_project/my_ldap_dashboard/vendor/laravel/framework/src/Illuminate/Routing/RouteRegistrar.php(212): Illuminate\\Routing\\Router->group()
#22 /opt/petra_iam_big_project/my_ldap_dashboard/vendor/filament/filament/routes/web.php(16): Illuminate\\Routing\\RouteRegistrar->group()
#23 /opt/petra_iam_big_project/my_ldap_dashboard/vendor/laravel/framework/src/Illuminate/Support/ServiceProvider.php(201): require('...')
#24 /opt/petra_iam_big_project/my_ldap_dashboard/vendor/spatie/laravel-package-tools/src/Concerns/PackageServiceProvider/ProcessRoutes.php(14): Illuminate\\Support\\ServiceProvider->loadRoutesFrom()
#25 /opt/petra_iam_big_project/my_ldap_dashboard/vendor/spatie/laravel-package-tools/src/PackageServiceProvider.php(85): Spatie\\LaravelPackageTools\\PackageServiceProvider->bootPackageRoutes()
#26 /opt/petra_iam_big_project/my_ldap_dashboard/vendor/laravel/framework/src/Illuminate/Container/BoundMethod.php(36): Spatie\\LaravelPackageTools\\PackageServiceProvider->boot()
#27 /opt/petra_iam_big_project/my_ldap_dashboard/vendor/laravel/framework/src/Illuminate/Container/Util.php(43): Illuminate\\Container\\BoundMethod::{closure:Illuminate\\Container\\BoundMethod::call():35}()
#28 /opt/petra_iam_big_project/my_ldap_dashboard/vendor/laravel/framework/src/Illuminate/Container/BoundMethod.php(96): Illuminate\\Container\\Util::unwrapIfClosure()
#29 /opt/petra_iam_big_project/my_ldap_dashboard/vendor/laravel/framework/src/Illuminate/Container/BoundMethod.php(35): Illuminate\\Container\\BoundMethod::callBoundMethod()
#30 /opt/petra_iam_big_project/my_ldap_dashboard/vendor/laravel/framework/src/Illuminate/Container/Container.php(799): Illuminate\\Container\\BoundMethod::call()
#31 /opt/petra_iam_big_project/my_ldap_dashboard/vendor/laravel/framework/src/Illuminate/Foundation/Application.php(1151): Illuminate\\Container\\Container->call()
#32 /opt/petra_iam_big_project/my_ldap_dashboard/vendor/laravel/framework/src/Illuminate/Foundation/Application.php(1132): Illuminate\\Foundation\\Application->bootProvider()
#33 [internal function]: Illuminate\\Foundation\\Application->{closure:Illuminate\\Foundation\\Application::boot():1131}()
#34 /opt/petra_iam_big_project/my_ldap_dashboard/vendor/laravel/framework/src/Illuminate/Foundation/Application.php(1131): array_walk()
#35 /opt/petra_iam_big_project/my_ldap_dashboard/vendor/laravel/framework/src/Illuminate/Foundation/Bootstrap/BootProviders.php(17): Illuminate\\Foundation\\Application->boot()
#36 /opt/petra_iam_big_project/my_ldap_dashboard/vendor/laravel/framework/src/Illuminate/Foundation/Application.php(342): Illuminate\\Foundation\\Bootstrap\\BootProviders->bootstrap()
#37 /opt/petra_iam_big_project/my_ldap_dashboard/vendor/laravel/framework/src/Illuminate/Foundation/Console/Kernel.php(494): Illuminate\\Foundation\\Application->bootstrapWith()
#38 /opt/petra_iam_big_project/my_ldap_dashboard/vendor/laravel/framework/src/Illuminate/Foundation/Console/Kernel.php(196): Illuminate\\Foundation\\Console\\Kernel->bootstrap()
#39 /opt/petra_iam_big_project/my_ldap_dashboard/vendor/laravel/framework/src/Illuminate/Foundation/Application.php(1235): Illuminate\\Foundation\\Console\\Kernel->handle()
#40 /opt/petra_iam_big_project/my_ldap_dashboard/artisan(16): Illuminate\\Foundation\\Application->handleCommand()
#41 {main}
"} 
[2026-05-12 20:01:56] local.ERROR: include(/opt/petra_iam_big_project/my_ldap_dashboard/vendor/composer/../../app/Filament/Resources/Directory/DirectoryObjectManagerResource/Pages/ViewDirectoryObject.php): Failed to open stream: No such file or directory {"exception":"[object] (ErrorException(code: 0): include(/opt/petra_iam_big_project/my_ldap_dashboard/vendor/composer/../../app/Filament/Resources/Directory/DirectoryObjectManagerResource/Pages/ViewDirectoryObject.php): Failed to open stream: No such file or directory at /opt/petra_iam_big_project/my_ldap_dashboard/vendor/composer/ClassLoader.php:576)
[stacktrace]
#0 /opt/petra_iam_big_project/my_ldap_dashboard/vendor/laravel/framework/src/Illuminate/Foundation/Bootstrap/HandleExceptions.php(258): Illuminate\\Foundation\\Bootstrap\\HandleExceptions->handleError()
#1 /opt/petra_iam_big_project/my_ldap_dashboard/vendor/composer/ClassLoader.php(576): Illuminate\\Foundation\\Bootstrap\\HandleExceptions->{closure:Illuminate\\Foundation\\Bootstrap\\HandleExceptions::forwardsTo():257}()
#2 /opt/petra_iam_big_project/my_ldap_dashboard/vendor/composer/ClassLoader.php(576): include('...')
#3 /opt/petra_iam_big_project/my_ldap_dashboard/vendor/composer/ClassLoader.php(427): {closure:Composer\\Autoload\\ClassLoader::initializeIncludeClosure():575}()
#4 /opt/petra_iam_big_project/my_ldap_dashboard/app/Filament/Resources/Directory/DirectoryObjectManagerResource.php(433): Composer\\Autoload\\ClassLoader->loadClass()
#5 /opt/petra_iam_big_project/my_ldap_dashboard/vendor/filament/filament/src/Panel/Concerns/HasComponents.php(617): App\\Filament\\Resources\\Directory\\DirectoryObjectManagerResource::getPages()
#6 /opt/petra_iam_big_project/my_ldap_dashboard/vendor/filament/filament/src/Panel.php(71): Filament\\Panel->registerLivewireComponents()
#7 /opt/petra_iam_big_project/my_ldap_dashboard/vendor/filament/filament/src/PanelRegistry.php(21): Filament\\Panel->register()
#8 /opt/petra_iam_big_project/my_ldap_dashboard/vendor/filament/filament/src/Facades/Filament.php(192): Filament\\PanelRegistry->register()
#9 /opt/petra_iam_big_project/my_ldap_dashboard/vendor/laravel/framework/src/Illuminate/Container/Container.php(1623): Filament\\Facades\\Filament::{closure:Filament\\Facades\\Filament::registerPanel():192}()
#10 /opt/petra_iam_big_project/my_ldap_dashboard/vendor/laravel/framework/src/Illuminate/Container/Container.php(1543): Illuminate\\Container\\Container->fireCallbackArray()
#11 /opt/petra_iam_big_project/my_ldap_dashboard/vendor/laravel/framework/src/Illuminate/Container/Container.php(954): Illuminate\\Container\\Container->fireResolvingCallbacks()
#12 /opt/petra_iam_big_project/my_ldap_dashboard/vendor/laravel/framework/src/Illuminate/Foundation/Application.php(1078): Illuminate\\Container\\Container->resolve()
#13 /opt/petra_iam_big_project/my_ldap_dashboard/vendor/laravel/framework/src/Illuminate/Container/Container.php(864): Illuminate\\Foundation\\Application->resolve()
#14 /opt/petra_iam_big_project/my_ldap_dashboard/vendor/laravel/framework/src/Illuminate/Foundation/Application.php(1058): Illuminate\\Container\\Container->make()
#15 /opt/petra_iam_big_project/my_ldap_dashboard/vendor/laravel/framework/src/Illuminate/Foundation/helpers.php(138): Illuminate\\Foundation\\Application->make()
#16 /opt/petra_iam_big_project/my_ldap_dashboard/vendor/filament/filament/src/FilamentManager.php(382): app()
#17 /opt/petra_iam_big_project/my_ldap_dashboard/vendor/laravel/framework/src/Illuminate/Support/Facades/Facade.php(363): Filament\\FilamentManager->getPanels()
#18 /opt/petra_iam_big_project/my_ldap_dashboard/vendor/filament/filament/routes/web.php(17): Illuminate\\Support\\Facades\\Facade::__callStatic()
#19 /opt/petra_iam_big_project/my_ldap_dashboard/vendor/laravel/framework/src/Illuminate/Routing/Router.php(524): Illuminate\\Support\\ServiceProvider->{closure:/opt/petra_iam_big_project/my_ldap_dashboard/vendor/filament/filament/routes/web.php:16}()
#20 /opt/petra_iam_big_project/my_ldap_dashboard/vendor/laravel/framework/src/Illuminate/Routing/Router.php(480): Illuminate\\Routing\\Router->loadRoutes()
#21 /opt/petra_iam_big_project/my_ldap_dashboard/vendor/laravel/framework/src/Illuminate/Routing/RouteRegistrar.php(212): Illuminate\\Routing\\Router->group()
#22 /opt/petra_iam_big_project/my_ldap_dashboard/vendor/filament/filament/routes/web.php(16): Illuminate\\Routing\\RouteRegistrar->group()
#23 /opt/petra_iam_big_project/my_ldap_dashboard/vendor/laravel/framework/src/Illuminate/Support/ServiceProvider.php(201): require('...')
#24 /opt/petra_iam_big_project/my_ldap_dashboard/vendor/spatie/laravel-package-tools/src/Concerns/PackageServiceProvider/ProcessRoutes.php(14): Illuminate\\Support\\ServiceProvider->loadRoutesFrom()
#25 /opt/petra_iam_big_project/my_ldap_dashboard/vendor/spatie/laravel-package-tools/src/PackageServiceProvider.php(85): Spatie\\LaravelPackageTools\\PackageServiceProvider->bootPackageRoutes()
#26 /opt/petra_iam_big_project/my_ldap_dashboard/vendor/laravel/framework/src/Illuminate/Container/BoundMethod.php(36): Spatie\\LaravelPackageTools\\PackageServiceProvider->boot()
#27 /opt/petra_iam_big_project/my_ldap_dashboard/vendor/laravel/framework/src/Illuminate/Container/Util.php(43): Illuminate\\Container\\BoundMethod::{closure:Illuminate\\Container\\BoundMethod::call():35}()
#28 /opt/petra_iam_big_project/my_ldap_dashboard/vendor/laravel/framework/src/Illuminate/Container/BoundMethod.php(96): Illuminate\\Container\\Util::unwrapIfClosure()
#29 /opt/petra_iam_big_project/my_ldap_dashboard/vendor/laravel/framework/src/Illuminate/Container/BoundMethod.php(35): Illuminate\\Container\\BoundMethod::callBoundMethod()
#30 /opt/petra_iam_big_project/my_ldap_dashboard/vendor/laravel/framework/src/Illuminate/Container/Container.php(799): Illuminate\\Container\\BoundMethod::call()
#31 /opt/petra_iam_big_project/my_ldap_dashboard/vendor/laravel/framework/src/Illuminate/Foundation/Application.php(1151): Illuminate\\Container\\Container->call()
#32 /opt/petra_iam_big_project/my_ldap_dashboard/vendor/laravel/framework/src/Illuminate/Foundation/Application.php(1132): Illuminate\\Foundation\\Application->bootProvider()
#33 [internal function]: Illuminate\\Foundation\\Application->{closure:Illuminate\\Foundation\\Application::boot():1131}()
#34 /opt/petra_iam_big_project/my_ldap_dashboard/vendor/laravel/framework/src/Illuminate/Foundation/Application.php(1131): array_walk()
#35 /opt/petra_iam_big_project/my_ldap_dashboard/vendor/laravel/framework/src/Illuminate/Foundation/Bootstrap/BootProviders.php(17): Illuminate\\Foundation\\Application->boot()
#36 /opt/petra_iam_big_project/my_ldap_dashboard/vendor/laravel/framework/src/Illuminate/Foundation/Application.php(342): Illuminate\\Foundation\\Bootstrap\\BootProviders->bootstrap()
#37 /opt/petra_iam_big_project/my_ldap_dashboard/vendor/laravel/framework/src/Illuminate/Foundation/Console/Kernel.php(494): Illuminate\\Foundation\\Application->bootstrapWith()
#38 /opt/petra_iam_big_project/my_ldap_dashboard/vendor/laravel/framework/src/Illuminate/Foundation/Console/Kernel.php(196): Illuminate\\Foundation\\Console\\Kernel->bootstrap()
#39 /opt/petra_iam_big_project/my_ldap_dashboard/vendor/laravel/framework/src/Illuminate/Foundation/Application.php(1235): Illuminate\\Foundation\\Console\\Kernel->handle()
#40 /opt/petra_iam_big_project/my_ldap_dashboard/artisan(16): Illuminate\\Foundation\\Application->handleCommand()
#41 {main}
"} 
[2026-05-12 20:01:56] local.ERROR: include(/opt/petra_iam_big_project/my_ldap_dashboard/vendor/composer/../../app/Filament/Resources/Directory/DirectoryObjectManagerResource/Pages/ViewDirectoryObject.php): Failed to open stream: No such file or directory {"exception":"[object] (ErrorException(code: 0): include(/opt/petra_iam_big_project/my_ldap_dashboard/vendor/composer/../../app/Filament/Resources/Directory/DirectoryObjectManagerResource/Pages/ViewDirectoryObject.php): Failed to open stream: No such file or directory at /opt/petra_iam_big_project/my_ldap_dashboard/vendor/composer/ClassLoader.php:576)
[stacktrace]
#0 /opt/petra_iam_big_project/my_ldap_dashboard/vendor/laravel/framework/src/Illuminate/Foundation/Bootstrap/HandleExceptions.php(258): Illuminate\\Foundation\\Bootstrap\\HandleExceptions->handleError()
#1 /opt/petra_iam_big_project/my_ldap_dashboard/vendor/composer/ClassLoader.php(576): Illuminate\\Foundation\\Bootstrap\\HandleExceptions->{closure:Illuminate\\Foundation\\Bootstrap\\HandleExceptions::forwardsTo():257}()
#2 /opt/petra_iam_big_project/my_ldap_dashboard/vendor/composer/ClassLoader.php(576): include('...')
#3 /opt/petra_iam_big_project/my_ldap_dashboard/vendor/composer/ClassLoader.php(427): {closure:Composer\\Autoload\\ClassLoader::initializeIncludeClosure():575}()
#4 /opt/petra_iam_big_project/my_ldap_dashboard/app/Filament/Resources/Directory/DirectoryObjectManagerResource.php(433): Composer\\Autoload\\ClassLoader->loadClass()
#5 /opt/petra_iam_big_project/my_ldap_dashboard/vendor/filament/filament/src/Panel/Concerns/HasComponents.php(617): App\\Filament\\Resources\\Directory\\DirectoryObjectManagerResource::getPages()
#6 /opt/petra_iam_big_project/my_ldap_dashboard/vendor/filament/filament/src/Panel.php(71): Filament\\Panel->registerLivewireComponents()
#7 /opt/petra_iam_big_project/my_ldap_dashboard/vendor/filament/filament/src/PanelRegistry.php(21): Filament\\Panel->register()
#8 /opt/petra_iam_big_project/my_ldap_dashboard/vendor/filament/filament/src/Facades/Filament.php(192): Filament\\PanelRegistry->register()
#9 /opt/petra_iam_big_project/my_ldap_dashboard/vendor/laravel/framework/src/Illuminate/Container/Container.php(1623): Filament\\Facades\\Filament::{closure:Filament\\Facades\\Filament::registerPanel():192}()
#10 /opt/petra_iam_big_project/my_ldap_dashboard/vendor/laravel/framework/src/Illuminate/Container/Container.php(1543): Illuminate\\Container\\Container->fireCallbackArray()
#11 /opt/petra_iam_big_project/my_ldap_dashboard/vendor/laravel/framework/src/Illuminate/Container/Container.php(954): Illuminate\\Container\\Container->fireResolvingCallbacks()
#12 /opt/petra_iam_big_project/my_ldap_dashboard/vendor/laravel/framework/src/Illuminate/Foundation/Application.php(1078): Illuminate\\Container\\Container->resolve()
#13 /opt/petra_iam_big_project/my_ldap_dashboard/vendor/laravel/framework/src/Illuminate/Container/Container.php(864): Illuminate\\Foundation\\Application->resolve()
#14 /opt/petra_iam_big_project/my_ldap_dashboard/vendor/laravel/framework/src/Illuminate/Foundation/Application.php(1058): Illuminate\\Container\\Container->make()
#15 /opt/petra_iam_big_project/my_ldap_dashboard/vendor/laravel/framework/src/Illuminate/Foundation/helpers.php(138): Illuminate\\Foundation\\Application->make()
#16 /opt/petra_iam_big_project/my_ldap_dashboard/vendor/filament/filament/src/FilamentManager.php(382): app()
#17 /opt/petra_iam_big_project/my_ldap_dashboard/vendor/laravel/framework/src/Illuminate/Support/Facades/Facade.php(363): Filament\\FilamentManager->getPanels()
#18 /opt/petra_iam_big_project/my_ldap_dashboard/vendor/filament/filament/routes/web.php(17): Illuminate\\Support\\Facades\\Facade::__callStatic()
#19 /opt/petra_iam_big_project/my_ldap_dashboard/vendor/laravel/framework/src/Illuminate/Routing/Router.php(524): Illuminate\\Support\\ServiceProvider->{closure:/opt/petra_iam_big_project/my_ldap_dashboard/vendor/filament/filament/routes/web.php:16}()
#20 /opt/petra_iam_big_project/my_ldap_dashboard/vendor/laravel/framework/src/Illuminate/Routing/Router.php(480): Illuminate\\Routing\\Router->loadRoutes()
#21 /opt/petra_iam_big_project/my_ldap_dashboard/vendor/laravel/framework/src/Illuminate/Routing/RouteRegistrar.php(212): Illuminate\\Routing\\Router->group()
#22 /opt/petra_iam_big_project/my_ldap_dashboard/vendor/filament/filament/routes/web.php(16): Illuminate\\Routing\\RouteRegistrar->group()
#23 /opt/petra_iam_big_project/my_ldap_dashboard/vendor/laravel/framework/src/Illuminate/Support/ServiceProvider.php(201): require('...')
#24 /opt/petra_iam_big_project/my_ldap_dashboard/vendor/spatie/laravel-package-tools/src/Concerns/PackageServiceProvider/ProcessRoutes.php(14): Illuminate\\Support\\ServiceProvider->loadRoutesFrom()
#25 /opt/petra_iam_big_project/my_ldap_dashboard/vendor/spatie/laravel-package-tools/src/PackageServiceProvider.php(85): Spatie\\LaravelPackageTools\\PackageServiceProvider->bootPackageRoutes()
#26 /opt/petra_iam_big_project/my_ldap_dashboard/vendor/laravel/framework/src/Illuminate/Container/BoundMethod.php(36): Spatie\\LaravelPackageTools\\PackageServiceProvider->boot()
#27 /opt/petra_iam_big_project/my_ldap_dashboard/vendor/laravel/framework/src/Illuminate/Container/Util.php(43): Illuminate\\Container\\BoundMethod::{closure:Illuminate\\Container\\BoundMethod::call():35}()
#28 /opt/petra_iam_big_project/my_ldap_dashboard/vendor/laravel/framework/src/Illuminate/Container/BoundMethod.php(96): Illuminate\\Container\\Util::unwrapIfClosure()
#29 /opt/petra_iam_big_project/my_ldap_dashboard/vendor/laravel/framework/src/Illuminate/Container/BoundMethod.php(35): Illuminate\\Container\\BoundMethod::callBoundMethod()
#30 /opt/petra_iam_big_project/my_ldap_dashboard/vendor/laravel/framework/src/Illuminate/Container/Container.php(799): Illuminate\\Container\\BoundMethod::call()
#31 /opt/petra_iam_big_project/my_ldap_dashboard/vendor/laravel/framework/src/Illuminate/Foundation/Application.php(1151): Illuminate\\Container\\Container->call()
#32 /opt/petra_iam_big_project/my_ldap_dashboard/vendor/laravel/framework/src/Illuminate/Foundation/Application.php(1132): Illuminate\\Foundation\\Application->bootProvider()
#33 [internal function]: Illuminate\\Foundation\\Application->{closure:Illuminate\\Foundation\\Application::boot():1131}()
#34 /opt/petra_iam_big_project/my_ldap_dashboard/vendor/laravel/framework/src/Illuminate/Foundation/Application.php(1131): array_walk()
#35 /opt/petra_iam_big_project/my_ldap_dashboard/vendor/laravel/framework/src/Illuminate/Foundation/Bootstrap/BootProviders.php(17): Illuminate\\Foundation\\Application->boot()
#36 /opt/petra_iam_big_project/my_ldap_dashboard/vendor/laravel/framework/src/Illuminate/Foundation/Application.php(342): Illuminate\\Foundation\\Bootstrap\\BootProviders->bootstrap()
#37 /opt/petra_iam_big_project/my_ldap_dashboard/vendor/laravel/framework/src/Illuminate/Foundation/Console/Kernel.php(494): Illuminate\\Foundation\\Application->bootstrapWith()
#38 /opt/petra_iam_big_project/my_ldap_dashboard/vendor/laravel/framework/src/Illuminate/Foundation/Console/Kernel.php(196): Illuminate\\Foundation\\Console\\Kernel->bootstrap()
#39 /opt/petra_iam_big_project/my_ldap_dashboard/vendor/laravel/framework/src/Illuminate/Foundation/Application.php(1235): Illuminate\\Foundation\\Console\\Kernel->handle()
#40 /opt/petra_iam_big_project/my_ldap_dashboard/artisan(16): Illuminate\\Foundation\\Application->handleCommand()
#41 {main}
"} 
[2026-05-12 20:01:57] local.ERROR: include(/opt/petra_iam_big_project/my_ldap_dashboard/vendor/composer/../../app/Filament/Resources/Directory/DirectoryObjectManagerResource/Pages/ViewDirectoryObject.php): Failed to open stream: No such file or directory {"exception":"[object] (ErrorException(code: 0): include(/opt/petra_iam_big_project/my_ldap_dashboard/vendor/composer/../../app/Filament/Resources/Directory/DirectoryObjectManagerResource/Pages/ViewDirectoryObject.php): Failed to open stream: No such file or directory at /opt/petra_iam_big_project/my_ldap_dashboard/vendor/composer/ClassLoader.php:576)
[stacktrace]
#0 /opt/petra_iam_big_project/my_ldap_dashboard/vendor/laravel/framework/src/Illuminate/Foundation/Bootstrap/HandleExceptions.php(258): Illuminate\\Foundation\\Bootstrap\\HandleExceptions->handleError()
#1 /opt/petra_iam_big_project/my_ldap_dashboard/vendor/composer/ClassLoader.php(576): Illuminate\\Foundation\\Bootstrap\\HandleExceptions->{closure:Illuminate\\Foundation\\Bootstrap\\HandleExceptions::forwardsTo():257}()
#2 /opt/petra_iam_big_project/my_ldap_dashboard/vendor/composer/ClassLoader.php(576): include('...')
#3 /opt/petra_iam_big_project/my_ldap_dashboard/vendor/composer/ClassLoader.php(427): {closure:Composer\\Autoload\\ClassLoader::initializeIncludeClosure():575}()
#4 /opt/petra_iam_big_project/my_ldap_dashboard/app/Filament/Resources/Directory/DirectoryObjectManagerResource.php(433): Composer\\Autoload\\ClassLoader->loadClass()
#5 /opt/petra_iam_big_project/my_ldap_dashboard/vendor/filament/filament/src/Panel/Concerns/HasComponents.php(617): App\\Filament\\Resources\\Directory\\DirectoryObjectManagerResource::getPages()
#6 /opt/petra_iam_big_project/my_ldap_dashboard/vendor/filament/filament/src/Panel.php(71): Filament\\Panel->registerLivewireComponents()
#7 /opt/petra_iam_big_project/my_ldap_dashboard/vendor/filament/filament/src/PanelRegistry.php(21): Filament\\Panel->register()
#8 /opt/petra_iam_big_project/my_ldap_dashboard/vendor/filament/filament/src/Facades/Filament.php(192): Filament\\PanelRegistry->register()
#9 /opt/petra_iam_big_project/my_ldap_dashboard/vendor/laravel/framework/src/Illuminate/Container/Container.php(1623): Filament\\Facades\\Filament::{closure:Filament\\Facades\\Filament::registerPanel():192}()
#10 /opt/petra_iam_big_project/my_ldap_dashboard/vendor/laravel/framework/src/Illuminate/Container/Container.php(1543): Illuminate\\Container\\Container->fireCallbackArray()
#11 /opt/petra_iam_big_project/my_ldap_dashboard/vendor/laravel/framework/src/Illuminate/Container/Container.php(954): Illuminate\\Container\\Container->fireResolvingCallbacks()
#12 /opt/petra_iam_big_project/my_ldap_dashboard/vendor/laravel/framework/src/Illuminate/Foundation/Application.php(1078): Illuminate\\Container\\Container->resolve()
#13 /opt/petra_iam_big_project/my_ldap_dashboard/vendor/laravel/framework/src/Illuminate/Container/Container.php(864): Illuminate\\Foundation\\Application->resolve()
#14 /opt/petra_iam_big_project/my_ldap_dashboard/vendor/laravel/framework/src/Illuminate/Foundation/Application.php(1058): Illuminate\\Container\\Container->make()
#15 /opt/petra_iam_big_project/my_ldap_dashboard/vendor/laravel/framework/src/Illuminate/Foundation/helpers.php(138): Illuminate\\Foundation\\Application->make()
#16 /opt/petra_iam_big_project/my_ldap_dashboard/vendor/filament/filament/src/FilamentManager.php(382): app()
#17 /opt/petra_iam_big_project/my_ldap_dashboard/vendor/laravel/framework/src/Illuminate/Support/Facades/Facade.php(363): Filament\\FilamentManager->getPanels()
#18 /opt/petra_iam_big_project/my_ldap_dashboard/vendor/filament/filament/routes/web.php(17): Illuminate\\Support\\Facades\\Facade::__callStatic()
#19 /opt/petra_iam_big_project/my_ldap_dashboard/vendor/laravel/framework/src/Illuminate/Routing/Router.php(524): Illuminate\\Support\\ServiceProvider->{closure:/opt/petra_iam_big_project/my_ldap_dashboard/vendor/filament/filament/routes/web.php:16}()
#20 /opt/petra_iam_big_project/my_ldap_dashboard/vendor/laravel/framework/src/Illuminate/Routing/Router.php(480): Illuminate\\Routing\\Router->loadRoutes()
#21 /opt/petra_iam_big_project/my_ldap_dashboard/vendor/laravel/framework/src/Illuminate/Routing/RouteRegistrar.php(212): Illuminate\\Routing\\Router->group()
#22 /opt/petra_iam_big_project/my_ldap_dashboard/vendor/filament/filament/routes/web.php(16): Illuminate\\Routing\\RouteRegistrar->group()
#23 /opt/petra_iam_big_project/my_ldap_dashboard/vendor/laravel/framework/src/Illuminate/Support/ServiceProvider.php(201): require('...')
#24 /opt/petra_iam_big_project/my_ldap_dashboard/vendor/spatie/laravel-package-tools/src/Concerns/PackageServiceProvider/ProcessRoutes.php(14): Illuminate\\Support\\ServiceProvider->loadRoutesFrom()
#25 /opt/petra_iam_big_project/my_ldap_dashboard/vendor/spatie/laravel-package-tools/src/PackageServiceProvider.php(85): Spatie\\LaravelPackageTools\\PackageServiceProvider->bootPackageRoutes()
#26 /opt/petra_iam_big_project/my_ldap_dashboard/vendor/laravel/framework/src/Illuminate/Container/BoundMethod.php(36): Spatie\\LaravelPackageTools\\PackageServiceProvider->boot()
#27 /opt/petra_iam_big_project/my_ldap_dashboard/vendor/laravel/framework/src/Illuminate/Container/Util.php(43): Illuminate\\Container\\BoundMethod::{closure:Illuminate\\Container\\BoundMethod::call():35}()
#28 /opt/petra_iam_big_project/my_ldap_dashboard/vendor/laravel/framework/src/Illuminate/Container/BoundMethod.php(96): Illuminate\\Container\\Util::unwrapIfClosure()
#29 /opt/petra_iam_big_project/my_ldap_dashboard/vendor/laravel/framework/src/Illuminate/Container/BoundMethod.php(35): Illuminate\\Container\\BoundMethod::callBoundMethod()
#30 /opt/petra_iam_big_project/my_ldap_dashboard/vendor/laravel/framework/src/Illuminate/Container/Container.php(799): Illuminate\\Container\\BoundMethod::call()
#31 /opt/petra_iam_big_project/my_ldap_dashboard/vendor/laravel/framework/src/Illuminate/Foundation/Application.php(1151): Illuminate\\Container\\Container->call()
#32 /opt/petra_iam_big_project/my_ldap_dashboard/vendor/laravel/framework/src/Illuminate/Foundation/Application.php(1132): Illuminate\\Foundation\\Application->bootProvider()
#33 [internal function]: Illuminate\\Foundation\\Application->{closure:Illuminate\\Foundation\\Application::boot():1131}()
#34 /opt/petra_iam_big_project/my_ldap_dashboard/vendor/laravel/framework/src/Illuminate/Foundation/Application.php(1131): array_walk()
#35 /opt/petra_iam_big_project/my_ldap_dashboard/vendor/laravel/framework/src/Illuminate/Foundation/Bootstrap/BootProviders.php(17): Illuminate\\Foundation\\Application->boot()
#36 /opt/petra_iam_big_project/my_ldap_dashboard/vendor/laravel/framework/src/Illuminate/Foundation/Application.php(342): Illuminate\\Foundation\\Bootstrap\\BootProviders->bootstrap()
#37 /opt/petra_iam_big_project/my_ldap_dashboard/vendor/laravel/framework/src/Illuminate/Foundation/Console/Kernel.php(494): Illuminate\\Foundation\\Application->bootstrapWith()
#38 /opt/petra_iam_big_project/my_ldap_dashboard/vendor/laravel/framework/src/Illuminate/Foundation/Console/Kernel.php(196): Illuminate\\Foundation\\Console\\Kernel->bootstrap()
#39 /opt/petra_iam_big_project/my_ldap_dashboard/vendor/laravel/framework/src/Illuminate/Foundation/Application.php(1235): Illuminate\\Foundation\\Console\\Kernel->handle()
#40 /opt/petra_iam_big_project/my_ldap_dashboard/artisan(16): Illuminate\\Foundation\\Application->handleCommand()
#41 {main}
"} 
[2026-05-12 20:01:58] local.ERROR: include(/opt/petra_iam_big_project/my_ldap_dashboard/vendor/composer/../../app/Filament/Resources/Directory/DirectoryObjectManagerResource/Pages/ViewDirectoryObject.php): Failed to open stream: No such file or directory {"exception":"[object] (ErrorException(code: 0): include(/opt/petra_iam_big_project/my_ldap_dashboard/vendor/composer/../../app/Filament/Resources/Directory/DirectoryObjectManagerResource/Pages/ViewDirectoryObject.php): Failed to open stream: No such file or directory at /opt/petra_iam_big_project/my_ldap_dashboard/vendor/composer/ClassLoader.php:576)
[stacktrace]
#0 /opt/petra_iam_big_project/my_ldap_dashboard/vendor/laravel/framework/src/Illuminate/Foundation/Bootstrap/HandleExceptions.php(258): Illuminate\\Foundation\\Bootstrap\\HandleExceptions->handleError()
#1 /opt/petra_iam_big_project/my_ldap_dashboard/vendor/composer/ClassLoader.php(576): Illuminate\\Foundation\\Bootstrap\\HandleExceptions->{closure:Illuminate\\Foundation\\Bootstrap\\HandleExceptions::forwardsTo():257}()
#2 /opt/petra_iam_big_project/my_ldap_dashboard/vendor/composer/ClassLoader.php(576): include('...')
#3 /opt/petra_iam_big_project/my_ldap_dashboard/vendor/composer/ClassLoader.php(427): {closure:Composer\\Autoload\\ClassLoader::initializeIncludeClosure():575}()
#4 /opt/petra_iam_big_project/my_ldap_dashboard/app/Filament/Resources/Directory/DirectoryObjectManagerResource.php(433): Composer\\Autoload\\ClassLoader->loadClass()
#5 /opt/petra_iam_big_project/my_ldap_dashboard/vendor/filament/filament/src/Panel/Concerns/HasComponents.php(617): App\\Filament\\Resources\\Directory\\DirectoryObjectManagerResource::getPages()
#6 /opt/petra_iam_big_project/my_ldap_dashboard/vendor/filament/filament/src/Panel.php(71): Filament\\Panel->registerLivewireComponents()
#7 /opt/petra_iam_big_project/my_ldap_dashboard/vendor/filament/filament/src/PanelRegistry.php(21): Filament\\Panel->register()
#8 /opt/petra_iam_big_project/my_ldap_dashboard/vendor/filament/filament/src/Facades/Filament.php(192): Filament\\PanelRegistry->register()
#9 /opt/petra_iam_big_project/my_ldap_dashboard/vendor/laravel/framework/src/Illuminate/Container/Container.php(1623): Filament\\Facades\\Filament::{closure:Filament\\Facades\\Filament::registerPanel():192}()
#10 /opt/petra_iam_big_project/my_ldap_dashboard/vendor/laravel/framework/src/Illuminate/Container/Container.php(1543): Illuminate\\Container\\Container->fireCallbackArray()
#11 /opt/petra_iam_big_project/my_ldap_dashboard/vendor/laravel/framework/src/Illuminate/Container/Container.php(954): Illuminate\\Container\\Container->fireResolvingCallbacks()
#12 /opt/petra_iam_big_project/my_ldap_dashboard/vendor/laravel/framework/src/Illuminate/Foundation/Application.php(1078): Illuminate\\Container\\Container->resolve()
#13 /opt/petra_iam_big_project/my_ldap_dashboard/vendor/laravel/framework/src/Illuminate/Container/Container.php(864): Illuminate\\Foundation\\Application->resolve()
#14 /opt/petra_iam_big_project/my_ldap_dashboard/vendor/laravel/framework/src/Illuminate/Foundation/Application.php(1058): Illuminate\\Container\\Container->make()
#15 /opt/petra_iam_big_project/my_ldap_dashboard/vendor/laravel/framework/src/Illuminate/Foundation/helpers.php(138): Illuminate\\Foundation\\Application->make()
#16 /opt/petra_iam_big_project/my_ldap_dashboard/vendor/filament/filament/src/FilamentManager.php(382): app()
#17 /opt/petra_iam_big_project/my_ldap_dashboard/vendor/laravel/framework/src/Illuminate/Support/Facades/Facade.php(363): Filament\\FilamentManager->getPanels()
#18 /opt/petra_iam_big_project/my_ldap_dashboard/vendor/filament/filament/routes/web.php(17): Illuminate\\Support\\Facades\\Facade::__callStatic()
#19 /opt/petra_iam_big_project/my_ldap_dashboard/vendor/laravel/framework/src/Illuminate/Routing/Router.php(524): Illuminate\\Support\\ServiceProvider->{closure:/opt/petra_iam_big_project/my_ldap_dashboard/vendor/filament/filament/routes/web.php:16}()
#20 /opt/petra_iam_big_project/my_ldap_dashboard/vendor/laravel/framework/src/Illuminate/Routing/Router.php(480): Illuminate\\Routing\\Router->loadRoutes()
#21 /opt/petra_iam_big_project/my_ldap_dashboard/vendor/laravel/framework/src/Illuminate/Routing/RouteRegistrar.php(212): Illuminate\\Routing\\Router->group()
#22 /opt/petra_iam_big_project/my_ldap_dashboard/vendor/filament/filament/routes/web.php(16): Illuminate\\Routing\\RouteRegistrar->group()
#23 /opt/petra_iam_big_project/my_ldap_dashboard/vendor/laravel/framework/src/Illuminate/Support/ServiceProvider.php(201): require('...')
#24 /opt/petra_iam_big_project/my_ldap_dashboard/vendor/spatie/laravel-package-tools/src/Concerns/PackageServiceProvider/ProcessRoutes.php(14): Illuminate\\Support\\ServiceProvider->loadRoutesFrom()
#25 /opt/petra_iam_big_project/my_ldap_dashboard/vendor/spatie/laravel-package-tools/src/PackageServiceProvider.php(85): Spatie\\LaravelPackageTools\\PackageServiceProvider->bootPackageRoutes()
#26 /opt/petra_iam_big_project/my_ldap_dashboard/vendor/laravel/framework/src/Illuminate/Container/BoundMethod.php(36): Spatie\\LaravelPackageTools\\PackageServiceProvider->boot()
#27 /opt/petra_iam_big_project/my_ldap_dashboard/vendor/laravel/framework/src/Illuminate/Container/Util.php(43): Illuminate\\Container\\BoundMethod::{closure:Illuminate\\Container\\BoundMethod::call():35}()
#28 /opt/petra_iam_big_project/my_ldap_dashboard/vendor/laravel/framework/src/Illuminate/Container/BoundMethod.php(96): Illuminate\\Container\\Util::unwrapIfClosure()
#29 /opt/petra_iam_big_project/my_ldap_dashboard/vendor/laravel/framework/src/Illuminate/Container/BoundMethod.php(35): Illuminate\\Container\\BoundMethod::callBoundMethod()
#30 /opt/petra_iam_big_project/my_ldap_dashboard/vendor/laravel/framework/src/Illuminate/Container/Container.php(799): Illuminate\\Container\\BoundMethod::call()
#31 /opt/petra_iam_big_project/my_ldap_dashboard/vendor/laravel/framework/src/Illuminate/Foundation/Application.php(1151): Illuminate\\Container\\Container->call()
#32 /opt/petra_iam_big_project/my_ldap_dashboard/vendor/laravel/framework/src/Illuminate/Foundation/Application.php(1132): Illuminate\\Foundation\\Application->bootProvider()
#33 [internal function]: Illuminate\\Foundation\\Application->{closure:Illuminate\\Foundation\\Application::boot():1131}()
#34 /opt/petra_iam_big_project/my_ldap_dashboard/vendor/laravel/framework/src/Illuminate/Foundation/Application.php(1131): array_walk()
#35 /opt/petra_iam_big_project/my_ldap_dashboard/vendor/laravel/framework/src/Illuminate/Foundation/Bootstrap/BootProviders.php(17): Illuminate\\Foundation\\Application->boot()
#36 /opt/petra_iam_big_project/my_ldap_dashboard/vendor/laravel/framework/src/Illuminate/Foundation/Application.php(342): Illuminate\\Foundation\\Bootstrap\\BootProviders->bootstrap()
#37 /opt/petra_iam_big_project/my_ldap_dashboard/vendor/laravel/framework/src/Illuminate/Foundation/Console/Kernel.php(494): Illuminate\\Foundation\\Application->bootstrapWith()
#38 /opt/petra_iam_big_project/my_ldap_dashboard/vendor/laravel/framework/src/Illuminate/Foundation/Console/Kernel.php(196): Illuminate\\Foundation\\Console\\Kernel->bootstrap()
#39 /opt/petra_iam_big_project/my_ldap_dashboard/vendor/laravel/framework/src/Illuminate/Foundation/Application.php(1235): Illuminate\\Foundation\\Console\\Kernel->handle()
#40 /opt/petra_iam_big_project/my_ldap_dashboard/artisan(16): Illuminate\\Foundation\\Application->handleCommand()
#41 {main}
"} 
[2026-05-12 20:01:58] local.ERROR: include(/opt/petra_iam_big_project/my_ldap_dashboard/vendor/composer/../../app/Filament/Resources/Directory/DirectoryObjectManagerResource/Pages/ViewDirectoryObject.php): Failed to open stream: No such file or directory {"exception":"[object] (ErrorException(code: 0): include(/opt/petra_iam_big_project/my_ldap_dashboard/vendor/composer/../../app/Filament/Resources/Directory/DirectoryObjectManagerResource/Pages/ViewDirectoryObject.php): Failed to open stream: No such file or directory at /opt/petra_iam_big_project/my_ldap_dashboard/vendor/composer/ClassLoader.php:576)
[stacktrace]
#0 /opt/petra_iam_big_project/my_ldap_dashboard/vendor/laravel/framework/src/Illuminate/Foundation/Bootstrap/HandleExceptions.php(258): Illuminate\\Foundation\\Bootstrap\\HandleExceptions->handleError()
#1 /opt/petra_iam_big_project/my_ldap_dashboard/vendor/composer/ClassLoader.php(576): Illuminate\\Foundation\\Bootstrap\\HandleExceptions->{closure:Illuminate\\Foundation\\Bootstrap\\HandleExceptions::forwardsTo():257}()
#2 /opt/petra_iam_big_project/my_ldap_dashboard/vendor/composer/ClassLoader.php(576): include('...')
#3 /opt/petra_iam_big_project/my_ldap_dashboard/vendor/composer/ClassLoader.php(427): {closure:Composer\\Autoload\\ClassLoader::initializeIncludeClosure():575}()
#4 /opt/petra_iam_big_project/my_ldap_dashboard/app/Filament/Resources/Directory/DirectoryObjectManagerResource.php(433): Composer\\Autoload\\ClassLoader->loadClass()
#5 /opt/petra_iam_big_project/my_ldap_dashboard/vendor/filament/filament/src/Panel/Concerns/HasComponents.php(617): App\\Filament\\Resources\\Directory\\DirectoryObjectManagerResource::getPages()
#6 /opt/petra_iam_big_project/my_ldap_dashboard/vendor/filament/filament/src/Panel.php(71): Filament\\Panel->registerLivewireComponents()
#7 /opt/petra_iam_big_project/my_ldap_dashboard/vendor/filament/filament/src/PanelRegistry.php(21): Filament\\Panel->register()
#8 /opt/petra_iam_big_project/my_ldap_dashboard/vendor/filament/filament/src/Facades/Filament.php(192): Filament\\PanelRegistry->register()
#9 /opt/petra_iam_big_project/my_ldap_dashboard/vendor/laravel/framework/src/Illuminate/Container/Container.php(1623): Filament\\Facades\\Filament::{closure:Filament\\Facades\\Filament::registerPanel():192}()
#10 /opt/petra_iam_big_project/my_ldap_dashboard/vendor/laravel/framework/src/Illuminate/Container/Container.php(1543): Illuminate\\Container\\Container->fireCallbackArray()
#11 /opt/petra_iam_big_project/my_ldap_dashboard/vendor/laravel/framework/src/Illuminate/Container/Container.php(954): Illuminate\\Container\\Container->fireResolvingCallbacks()
#12 /opt/petra_iam_big_project/my_ldap_dashboard/vendor/laravel/framework/src/Illuminate/Foundation/Application.php(1078): Illuminate\\Container\\Container->resolve()
#13 /opt/petra_iam_big_project/my_ldap_dashboard/vendor/laravel/framework/src/Illuminate/Container/Container.php(864): Illuminate\\Foundation\\Application->resolve()
#14 /opt/petra_iam_big_project/my_ldap_dashboard/vendor/laravel/framework/src/Illuminate/Foundation/Application.php(1058): Illuminate\\Container\\Container->make()
#15 /opt/petra_iam_big_project/my_ldap_dashboard/vendor/laravel/framework/src/Illuminate/Foundation/helpers.php(138): Illuminate\\Foundation\\Application->make()
#16 /opt/petra_iam_big_project/my_ldap_dashboard/vendor/filament/filament/src/FilamentManager.php(382): app()
#17 /opt/petra_iam_big_project/my_ldap_dashboard/vendor/laravel/framework/src/Illuminate/Support/Facades/Facade.php(363): Filament\\FilamentManager->getPanels()
#18 /opt/petra_iam_big_project/my_ldap_dashboard/vendor/filament/filament/routes/web.php(17): Illuminate\\Support\\Facades\\Facade::__callStatic()
#19 /opt/petra_iam_big_project/my_ldap_dashboard/vendor/laravel/framework/src/Illuminate/Routing/Router.php(524): Illuminate\\Support\\ServiceProvider->{closure:/opt/petra_iam_big_project/my_ldap_dashboard/vendor/filament/filament/routes/web.php:16}()
#20 /opt/petra_iam_big_project/my_ldap_dashboard/vendor/laravel/framework/src/Illuminate/Routing/Router.php(480): Illuminate\\Routing\\Router->loadRoutes()
#21 /opt/petra_iam_big_project/my_ldap_dashboard/vendor/laravel/framework/src/Illuminate/Routing/RouteRegistrar.php(212): Illuminate\\Routing\\Router->group()
#22 /opt/petra_iam_big_project/my_ldap_dashboard/vendor/filament/filament/routes/web.php(16): Illuminate\\Routing\\RouteRegistrar->group()
#23 /opt/petra_iam_big_project/my_ldap_dashboard/vendor/laravel/framework/src/Illuminate/Support/ServiceProvider.php(201): require('...')
#24 /opt/petra_iam_big_project/my_ldap_dashboard/vendor/spatie/laravel-package-tools/src/Concerns/PackageServiceProvider/ProcessRoutes.php(14): Illuminate\\Support\\ServiceProvider->loadRoutesFrom()
#25 /opt/petra_iam_big_project/my_ldap_dashboard/vendor/spatie/laravel-package-tools/src/PackageServiceProvider.php(85): Spatie\\LaravelPackageTools\\PackageServiceProvider->bootPackageRoutes()
#26 /opt/petra_iam_big_project/my_ldap_dashboard/vendor/laravel/framework/src/Illuminate/Container/BoundMethod.php(36): Spatie\\LaravelPackageTools\\PackageServiceProvider->boot()
#27 /opt/petra_iam_big_project/my_ldap_dashboard/vendor/laravel/framework/src/Illuminate/Container/Util.php(43): Illuminate\\Container\\BoundMethod::{closure:Illuminate\\Container\\BoundMethod::call():35}()
#28 /opt/petra_iam_big_project/my_ldap_dashboard/vendor/laravel/framework/src/Illuminate/Container/BoundMethod.php(96): Illuminate\\Container\\Util::unwrapIfClosure()
#29 /opt/petra_iam_big_project/my_ldap_dashboard/vendor/laravel/framework/src/Illuminate/Container/BoundMethod.php(35): Illuminate\\Container\\BoundMethod::callBoundMethod()
#30 /opt/petra_iam_big_project/my_ldap_dashboard/vendor/laravel/framework/src/Illuminate/Container/Container.php(799): Illuminate\\Container\\BoundMethod::call()
#31 /opt/petra_iam_big_project/my_ldap_dashboard/vendor/laravel/framework/src/Illuminate/Foundation/Application.php(1151): Illuminate\\Container\\Container->call()
#32 /opt/petra_iam_big_project/my_ldap_dashboard/vendor/laravel/framework/src/Illuminate/Foundation/Application.php(1132): Illuminate\\Foundation\\Application->bootProvider()
#33 [internal function]: Illuminate\\Foundation\\Application->{closure:Illuminate\\Foundation\\Application::boot():1131}()
#34 /opt/petra_iam_big_project/my_ldap_dashboard/vendor/laravel/framework/src/Illuminate/Foundation/Application.php(1131): array_walk()
#35 /opt/petra_iam_big_project/my_ldap_dashboard/vendor/laravel/framework/src/Illuminate/Foundation/Bootstrap/BootProviders.php(17): Illuminate\\Foundation\\Application->boot()
#36 /opt/petra_iam_big_project/my_ldap_dashboard/vendor/laravel/framework/src/Illuminate/Foundation/Application.php(342): Illuminate\\Foundation\\Bootstrap\\BootProviders->bootstrap()
#37 /opt/petra_iam_big_project/my_ldap_dashboard/vendor/laravel/framework/src/Illuminate/Foundation/Console/Kernel.php(494): Illuminate\\Foundation\\Application->bootstrapWith()
#38 /opt/petra_iam_big_project/my_ldap_dashboard/vendor/laravel/framework/src/Illuminate/Foundation/Console/Kernel.php(196): Illuminate\\Foundation\\Console\\Kernel->bootstrap()
#39 /opt/petra_iam_big_project/my_ldap_dashboard/vendor/laravel/framework/src/Illuminate/Foundation/Application.php(1235): Illuminate\\Foundation\\Console\\Kernel->handle()
#40 /opt/petra_iam_big_project/my_ldap_dashboard/artisan(16): Illuminate\\Foundation\\Application->handleCommand()
#41 {main}
"} 
[2026-05-12 20:02:04] local.ERROR: Class "App\Filament\Resources\Directory\DirectoryObjectManagerResource\Pages\ViewDirectoryObject" not found {"exception":"[object] (Error(code: 0): Class \"App\\Filament\\Resources\\Directory\\DirectoryObjectManagerResource\\Pages\\ViewDirectoryObject\" not found at /opt/petra_iam_big_project/my_ldap_dashboard/app/Filament/Resources/Directory/DirectoryObjectManagerResource.php:433)
[stacktrace]
#0 /opt/petra_iam_big_project/my_ldap_dashboard/vendor/filament/filament/src/Panel/Concerns/HasComponents.php(617): App\\Filament\\Resources\\Directory\\DirectoryObjectManagerResource::getPages()
#1 /opt/petra_iam_big_project/my_ldap_dashboard/vendor/filament/filament/src/Panel.php(71): Filament\\Panel->registerLivewireComponents()
#2 /opt/petra_iam_big_project/my_ldap_dashboard/vendor/filament/filament/src/PanelRegistry.php(21): Filament\\Panel->register()
#3 /opt/petra_iam_big_project/my_ldap_dashboard/vendor/filament/filament/src/Facades/Filament.php(192): Filament\\PanelRegistry->register()
#4 /opt/petra_iam_big_project/my_ldap_dashboard/vendor/laravel/framework/src/Illuminate/Container/Container.php(1623): Filament\\Facades\\Filament::{closure:Filament\\Facades\\Filament::registerPanel():192}()
#5 /opt/petra_iam_big_project/my_ldap_dashboard/vendor/laravel/framework/src/Illuminate/Container/Container.php(1543): Illuminate\\Container\\Container->fireCallbackArray()
#6 /opt/petra_iam_big_project/my_ldap_dashboard/vendor/laravel/framework/src/Illuminate/Container/Container.php(954): Illuminate\\Container\\Container->fireResolvingCallbacks()
#7 /opt/petra_iam_big_project/my_ldap_dashboard/vendor/laravel/framework/src/Illuminate/Foundation/Application.php(1078): Illuminate\\Container\\Container->resolve()
#8 /opt/petra_iam_big_project/my_ldap_dashboard/vendor/laravel/framework/src/Illuminate/Container/Container.php(864): Illuminate\\Foundation\\Application->resolve()
#9 /opt/petra_iam_big_project/my_ldap_dashboard/vendor/laravel/framework/src/Illuminate/Foundation/Application.php(1058): Illuminate\\Container\\Container->make()
#10 /opt/petra_iam_big_project/my_ldap_dashboard/vendor/laravel/framework/src/Illuminate/Foundation/helpers.php(138): Illuminate\\Foundation\\Application->make()
#11 /opt/petra_iam_big_project/my_ldap_dashboard/vendor/filament/filament/src/FilamentManager.php(382): app()
#12 /opt/petra_iam_big_project/my_ldap_dashboard/vendor/laravel/framework/src/Illuminate/Support/Facades/Facade.php(363): Filament\\FilamentManager->getPanels()
#13 /opt/petra_iam_big_project/my_ldap_dashboard/vendor/filament/filament/routes/web.php(17): Illuminate\\Support\\Facades\\Facade::__callStatic()
#14 /opt/petra_iam_big_project/my_ldap_dashboard/vendor/laravel/framework/src/Illuminate/Routing/Router.php(524): Illuminate\\Support\\ServiceProvider->{closure:/opt/petra_iam_big_project/my_ldap_dashboard/vendor/filament/filament/routes/web.php:16}()
#15 /opt/petra_iam_big_project/my_ldap_dashboard/vendor/laravel/framework/src/Illuminate/Routing/Router.php(480): Illuminate\\Routing\\Router->loadRoutes()
#16 /opt/petra_iam_big_project/my_ldap_dashboard/vendor/laravel/framework/src/Illuminate/Routing/RouteRegistrar.php(212): Illuminate\\Routing\\Router->group()
#17 /opt/petra_iam_big_project/my_ldap_dashboard/vendor/filament/filament/routes/web.php(16): Illuminate\\Routing\\RouteRegistrar->group()
#18 /opt/petra_iam_big_project/my_ldap_dashboard/vendor/laravel/framework/src/Illuminate/Support/ServiceProvider.php(201): require('...')
#19 /opt/petra_iam_big_project/my_ldap_dashboard/vendor/spatie/laravel-package-tools/src/Concerns/PackageServiceProvider/ProcessRoutes.php(14): Illuminate\\Support\\ServiceProvider->loadRoutesFrom()
#20 /opt/petra_iam_big_project/my_ldap_dashboard/vendor/spatie/laravel-package-tools/src/PackageServiceProvider.php(85): Spatie\\LaravelPackageTools\\PackageServiceProvider->bootPackageRoutes()
#21 /opt/petra_iam_big_project/my_ldap_dashboard/vendor/laravel/framework/src/Illuminate/Container/BoundMethod.php(36): Spatie\\LaravelPackageTools\\PackageServiceProvider->boot()
#22 /opt/petra_iam_big_project/my_ldap_dashboard/vendor/laravel/framework/src/Illuminate/Container/Util.php(43): Illuminate\\Container\\BoundMethod::{closure:Illuminate\\Container\\BoundMethod::call():35}()
#23 /opt/petra_iam_big_project/my_ldap_dashboard/vendor/laravel/framework/src/Illuminate/Container/BoundMethod.php(96): Illuminate\\Container\\Util::unwrapIfClosure()
#24 /opt/petra_iam_big_project/my_ldap_dashboard/vendor/laravel/framework/src/Illuminate/Container/BoundMethod.php(35): Illuminate\\Container\\BoundMethod::callBoundMethod()
#25 /opt/petra_iam_big_project/my_ldap_dashboard/vendor/laravel/framework/src/Illuminate/Container/Container.php(799): Illuminate\\Container\\BoundMethod::call()
#26 /opt/petra_iam_big_project/my_ldap_dashboard/vendor/laravel/framework/src/Illuminate/Foundation/Application.php(1151): Illuminate\\Container\\Container->call()
#27 /opt/petra_iam_big_project/my_ldap_dashboard/vendor/laravel/framework/src/Illuminate/Foundation/Application.php(1132): Illuminate\\Foundation\\Application->bootProvider()
#28 [internal function]: Illuminate\\Foundation\\Application->{closure:Illuminate\\Foundation\\Application::boot():1131}()
#29 /opt/petra_iam_big_project/my_ldap_dashboard/vendor/laravel/framework/src/Illuminate/Foundation/Application.php(1131): array_walk()
#30 /opt/petra_iam_big_project/my_ldap_dashboard/vendor/laravel/framework/src/Illuminate/Foundation/Bootstrap/BootProviders.php(17): Illuminate\\Foundation\\Application->boot()
#31 /opt/petra_iam_big_project/my_ldap_dashboard/vendor/laravel/framework/src/Illuminate/Foundation/Application.php(342): Illuminate\\Foundation\\Bootstrap\\BootProviders->bootstrap()
#32 /opt/petra_iam_big_project/my_ldap_dashboard/vendor/laravel/framework/src/Illuminate/Foundation/Console/Kernel.php(494): Illuminate\\Foundation\\Application->bootstrapWith()
#33 /opt/petra_iam_big_project/my_ldap_dashboard/vendor/laravel/framework/src/Illuminate/Foundation/Console/Kernel.php(196): Illuminate\\Foundation\\Console\\Kernel->bootstrap()
#34 /opt/petra_iam_big_project/my_ldap_dashboard/vendor/laravel/framework/src/Illuminate/Foundation/Application.php(1235): Illuminate\\Foundation\\Console\\Kernel->handle()
#35 /opt/petra_iam_big_project/my_ldap_dashboard/artisan(16): Illuminate\\Foundation\\Application->handleCommand()
#36 {main}
"} 
[2026-05-12 20:02:05] local.ERROR: Class "App\Filament\Resources\Directory\DirectoryObjectManagerResource\Pages\ViewDirectoryObject" not found {"exception":"[object] (Error(code: 0): Class \"App\\Filament\\Resources\\Directory\\DirectoryObjectManagerResource\\Pages\\ViewDirectoryObject\" not found at /opt/petra_iam_big_project/my_ldap_dashboard/app/Filament/Resources/Directory/DirectoryObjectManagerResource.php:433)
[stacktrace]
#0 /opt/petra_iam_big_project/my_ldap_dashboard/vendor/filament/filament/src/Panel/Concerns/HasComponents.php(617): App\\Filament\\Resources\\Directory\\DirectoryObjectManagerResource::getPages()
#1 /opt/petra_iam_big_project/my_ldap_dashboard/vendor/filament/filament/src/Panel.php(71): Filament\\Panel->registerLivewireComponents()
#2 /opt/petra_iam_big_project/my_ldap_dashboard/vendor/filament/filament/src/PanelRegistry.php(21): Filament\\Panel->register()
#3 /opt/petra_iam_big_project/my_ldap_dashboard/vendor/filament/filament/src/Facades/Filament.php(192): Filament\\PanelRegistry->register()
#4 /opt/petra_iam_big_project/my_ldap_dashboard/vendor/laravel/framework/src/Illuminate/Container/Container.php(1623): Filament\\Facades\\Filament::{closure:Filament\\Facades\\Filament::registerPanel():192}()
#5 /opt/petra_iam_big_project/my_ldap_dashboard/vendor/laravel/framework/src/Illuminate/Container/Container.php(1543): Illuminate\\Container\\Container->fireCallbackArray()
#6 /opt/petra_iam_big_project/my_ldap_dashboard/vendor/laravel/framework/src/Illuminate/Container/Container.php(954): Illuminate\\Container\\Container->fireResolvingCallbacks()
#7 /opt/petra_iam_big_project/my_ldap_dashboard/vendor/laravel/framework/src/Illuminate/Foundation/Application.php(1078): Illuminate\\Container\\Container->resolve()
#8 /opt/petra_iam_big_project/my_ldap_dashboard/vendor/laravel/framework/src/Illuminate/Container/Container.php(864): Illuminate\\Foundation\\Application->resolve()
#9 /opt/petra_iam_big_project/my_ldap_dashboard/vendor/laravel/framework/src/Illuminate/Foundation/Application.php(1058): Illuminate\\Container\\Container->make()
#10 /opt/petra_iam_big_project/my_ldap_dashboard/vendor/laravel/framework/src/Illuminate/Foundation/helpers.php(138): Illuminate\\Foundation\\Application->make()
#11 /opt/petra_iam_big_project/my_ldap_dashboard/vendor/filament/filament/src/FilamentManager.php(382): app()
#12 /opt/petra_iam_big_project/my_ldap_dashboard/vendor/laravel/framework/src/Illuminate/Support/Facades/Facade.php(363): Filament\\FilamentManager->getPanels()
#13 /opt/petra_iam_big_project/my_ldap_dashboard/vendor/filament/filament/routes/web.php(17): Illuminate\\Support\\Facades\\Facade::__callStatic()
#14 /opt/petra_iam_big_project/my_ldap_dashboard/vendor/laravel/framework/src/Illuminate/Routing/Router.php(524): Illuminate\\Support\\ServiceProvider->{closure:/opt/petra_iam_big_project/my_ldap_dashboard/vendor/filament/filament/routes/web.php:16}()
#15 /opt/petra_iam_big_project/my_ldap_dashboard/vendor/laravel/framework/src/Illuminate/Routing/Router.php(480): Illuminate\\Routing\\Router->loadRoutes()
#16 /opt/petra_iam_big_project/my_ldap_dashboard/vendor/laravel/framework/src/Illuminate/Routing/RouteRegistrar.php(212): Illuminate\\Routing\\Router->group()
#17 /opt/petra_iam_big_project/my_ldap_dashboard/vendor/filament/filament/routes/web.php(16): Illuminate\\Routing\\RouteRegistrar->group()
#18 /opt/petra_iam_big_project/my_ldap_dashboard/vendor/laravel/framework/src/Illuminate/Support/ServiceProvider.php(201): require('...')
#19 /opt/petra_iam_big_project/my_ldap_dashboard/vendor/spatie/laravel-package-tools/src/Concerns/PackageServiceProvider/ProcessRoutes.php(14): Illuminate\\Support\\ServiceProvider->loadRoutesFrom()
#20 /opt/petra_iam_big_project/my_ldap_dashboard/vendor/spatie/laravel-package-tools/src/PackageServiceProvider.php(85): Spatie\\LaravelPackageTools\\PackageServiceProvider->bootPackageRoutes()
#21 /opt/petra_iam_big_project/my_ldap_dashboard/vendor/laravel/framework/src/Illuminate/Container/BoundMethod.php(36): Spatie\\LaravelPackageTools\\PackageServiceProvider->boot()
#22 /opt/petra_iam_big_project/my_ldap_dashboard/vendor/laravel/framework/src/Illuminate/Container/Util.php(43): Illuminate\\Container\\BoundMethod::{closure:Illuminate\\Container\\BoundMethod::call():35}()
#23 /opt/petra_iam_big_project/my_ldap_dashboard/vendor/laravel/framework/src/Illuminate/Container/BoundMethod.php(96): Illuminate\\Container\\Util::unwrapIfClosure()
#24 /opt/petra_iam_big_project/my_ldap_dashboard/vendor/laravel/framework/src/Illuminate/Container/BoundMethod.php(35): Illuminate\\Container\\BoundMethod::callBoundMethod()
#25 /opt/petra_iam_big_project/my_ldap_dashboard/vendor/laravel/framework/src/Illuminate/Container/Container.php(799): Illuminate\\Container\\BoundMethod::call()
#26 /opt/petra_iam_big_project/my_ldap_dashboard/vendor/laravel/framework/src/Illuminate/Foundation/Application.php(1151): Illuminate\\Container\\Container->call()
#27 /opt/petra_iam_big_project/my_ldap_dashboard/vendor/laravel/framework/src/Illuminate/Foundation/Application.php(1132): Illuminate\\Foundation\\Application->bootProvider()
#28 [internal function]: Illuminate\\Foundation\\Application->{closure:Illuminate\\Foundation\\Application::boot():1131}()
#29 /opt/petra_iam_big_project/my_ldap_dashboard/vendor/laravel/framework/src/Illuminate/Foundation/Application.php(1131): array_walk()
#30 /opt/petra_iam_big_project/my_ldap_dashboard/vendor/laravel/framework/src/Illuminate/Foundation/Bootstrap/BootProviders.php(17): Illuminate\\Foundation\\Application->boot()
#31 /opt/petra_iam_big_project/my_ldap_dashboard/vendor/laravel/framework/src/Illuminate/Foundation/Application.php(342): Illuminate\\Foundation\\Bootstrap\\BootProviders->bootstrap()
#32 /opt/petra_iam_big_project/my_ldap_dashboard/vendor/laravel/framework/src/Illuminate/Foundation/Console/Kernel.php(494): Illuminate\\Foundation\\Application->bootstrapWith()
#33 /opt/petra_iam_big_project/my_ldap_dashboard/vendor/laravel/framework/src/Illuminate/Foundation/Console/Kernel.php(196): Illuminate\\Foundation\\Console\\Kernel->bootstrap()
#34 /opt/petra_iam_big_project/my_ldap_dashboard/vendor/laravel/framework/src/Illuminate/Foundation/Application.php(1235): Illuminate\\Foundation\\Console\\Kernel->handle()
#35 /opt/petra_iam_big_project/my_ldap_dashboard/artisan(16): Illuminate\\Foundation\\Application->handleCommand()
#36 {main}
"} 
[2026-05-12 20:02:06] local.ERROR: Class "App\Filament\Resources\Directory\DirectoryObjectManagerResource\Pages\ViewDirectoryObject" not found {"exception":"[object] (Error(code: 0): Class \"App\\Filament\\Resources\\Directory\\DirectoryObjectManagerResource\\Pages\\ViewDirectoryObject\" not found at /opt/petra_iam_big_project/my_ldap_dashboard/app/Filament/Resources/Directory/DirectoryObjectManagerResource.php:433)
[stacktrace]
#0 /opt/petra_iam_big_project/my_ldap_dashboard/vendor/filament/filament/src/Panel/Concerns/HasComponents.php(617): App\\Filament\\Resources\\Directory\\DirectoryObjectManagerResource::getPages()
#1 /opt/petra_iam_big_project/my_ldap_dashboard/vendor/filament/filament/src/Panel.php(71): Filament\\Panel->registerLivewireComponents()
#2 /opt/petra_iam_big_project/my_ldap_dashboard/vendor/filament/filament/src/PanelRegistry.php(21): Filament\\Panel->register()
#3 /opt/petra_iam_big_project/my_ldap_dashboard/vendor/filament/filament/src/Facades/Filament.php(192): Filament\\PanelRegistry->register()
#4 /opt/petra_iam_big_project/my_ldap_dashboard/vendor/laravel/framework/src/Illuminate/Container/Container.php(1623): Filament\\Facades\\Filament::{closure:Filament\\Facades\\Filament::registerPanel():192}()
#5 /opt/petra_iam_big_project/my_ldap_dashboard/vendor/laravel/framework/src/Illuminate/Container/Container.php(1543): Illuminate\\Container\\Container->fireCallbackArray()
#6 /opt/petra_iam_big_project/my_ldap_dashboard/vendor/laravel/framework/src/Illuminate/Container/Container.php(954): Illuminate\\Container\\Container->fireResolvingCallbacks()
#7 /opt/petra_iam_big_project/my_ldap_dashboard/vendor/laravel/framework/src/Illuminate/Foundation/Application.php(1078): Illuminate\\Container\\Container->resolve()
#8 /opt/petra_iam_big_project/my_ldap_dashboard/vendor/laravel/framework/src/Illuminate/Container/Container.php(864): Illuminate\\Foundation\\Application->resolve()
#9 /opt/petra_iam_big_project/my_ldap_dashboard/vendor/laravel/framework/src/Illuminate/Foundation/Application.php(1058): Illuminate\\Container\\Container->make()
#10 /opt/petra_iam_big_project/my_ldap_dashboard/vendor/laravel/framework/src/Illuminate/Foundation/helpers.php(138): Illuminate\\Foundation\\Application->make()
#11 /opt/petra_iam_big_project/my_ldap_dashboard/vendor/filament/filament/src/FilamentManager.php(382): app()
#12 /opt/petra_iam_big_project/my_ldap_dashboard/vendor/laravel/framework/src/Illuminate/Support/Facades/Facade.php(363): Filament\\FilamentManager->getPanels()
#13 /opt/petra_iam_big_project/my_ldap_dashboard/vendor/filament/filament/routes/web.php(17): Illuminate\\Support\\Facades\\Facade::__callStatic()
#14 /opt/petra_iam_big_project/my_ldap_dashboard/vendor/laravel/framework/src/Illuminate/Routing/Router.php(524): Illuminate\\Support\\ServiceProvider->{closure:/opt/petra_iam_big_project/my_ldap_dashboard/vendor/filament/filament/routes/web.php:16}()
#15 /opt/petra_iam_big_project/my_ldap_dashboard/vendor/laravel/framework/src/Illuminate/Routing/Router.php(480): Illuminate\\Routing\\Router->loadRoutes()
#16 /opt/petra_iam_big_project/my_ldap_dashboard/vendor/laravel/framework/src/Illuminate/Routing/RouteRegistrar.php(212): Illuminate\\Routing\\Router->group()
#17 /opt/petra_iam_big_project/my_ldap_dashboard/vendor/filament/filament/routes/web.php(16): Illuminate\\Routing\\RouteRegistrar->group()
#18 /opt/petra_iam_big_project/my_ldap_dashboard/vendor/laravel/framework/src/Illuminate/Support/ServiceProvider.php(201): require('...')
#19 /opt/petra_iam_big_project/my_ldap_dashboard/vendor/spatie/laravel-package-tools/src/Concerns/PackageServiceProvider/ProcessRoutes.php(14): Illuminate\\Support\\ServiceProvider->loadRoutesFrom()
#20 /opt/petra_iam_big_project/my_ldap_dashboard/vendor/spatie/laravel-package-tools/src/PackageServiceProvider.php(85): Spatie\\LaravelPackageTools\\PackageServiceProvider->bootPackageRoutes()
#21 /opt/petra_iam_big_project/my_ldap_dashboard/vendor/laravel/framework/src/Illuminate/Container/BoundMethod.php(36): Spatie\\LaravelPackageTools\\PackageServiceProvider->boot()
#22 /opt/petra_iam_big_project/my_ldap_dashboard/vendor/laravel/framework/src/Illuminate/Container/Util.php(43): Illuminate\\Container\\BoundMethod::{closure:Illuminate\\Container\\BoundMethod::call():35}()
#23 /opt/petra_iam_big_project/my_ldap_dashboard/vendor/laravel/framework/src/Illuminate/Container/BoundMethod.php(96): Illuminate\\Container\\Util::unwrapIfClosure()
#24 /opt/petra_iam_big_project/my_ldap_dashboard/vendor/laravel/framework/src/Illuminate/Container/BoundMethod.php(35): Illuminate\\Container\\BoundMethod::callBoundMethod()
#25 /opt/petra_iam_big_project/my_ldap_dashboard/vendor/laravel/framework/src/Illuminate/Container/Container.php(799): Illuminate\\Container\\BoundMethod::call()
#26 /opt/petra_iam_big_project/my_ldap_dashboard/vendor/laravel/framework/src/Illuminate/Foundation/Application.php(1151): Illuminate\\Container\\Container->call()
#27 /opt/petra_iam_big_project/my_ldap_dashboard/vendor/laravel/framework/src/Illuminate/Foundation/Application.php(1132): Illuminate\\Foundation\\Application->bootProvider()
#28 [internal function]: Illuminate\\Foundation\\Application->{closure:Illuminate\\Foundation\\Application::boot():1131}()
#29 /opt/petra_iam_big_project/my_ldap_dashboard/vendor/laravel/framework/src/Illuminate/Foundation/Application.php(1131): array_walk()
#30 /opt/petra_iam_big_project/my_ldap_dashboard/vendor/laravel/framework/src/Illuminate/Foundation/Bootstrap/BootProviders.php(17): Illuminate\\Foundation\\Application->boot()
#31 /opt/petra_iam_big_project/my_ldap_dashboard/vendor/laravel/framework/src/Illuminate/Foundation/Application.php(342): Illuminate\\Foundation\\Bootstrap\\BootProviders->bootstrap()
#32 /opt/petra_iam_big_project/my_ldap_dashboard/vendor/laravel/framework/src/Illuminate/Foundation/Console/Kernel.php(494): Illuminate\\Foundation\\Application->bootstrapWith()
#33 /opt/petra_iam_big_project/my_ldap_dashboard/vendor/laravel/framework/src/Illuminate/Foundation/Console/Kernel.php(196): Illuminate\\Foundation\\Console\\Kernel->bootstrap()
#34 /opt/petra_iam_big_project/my_ldap_dashboard/vendor/laravel/framework/src/Illuminate/Foundation/Application.php(1235): Illuminate\\Foundation\\Console\\Kernel->handle()
#35 /opt/petra_iam_big_project/my_ldap_dashboard/artisan(16): Illuminate\\Foundation\\Application->handleCommand()
#36 {main}
"} 
[2026-05-12 20:02:07] local.ERROR: Class "App\Filament\Resources\Directory\DirectoryObjectManagerResource\Pages\ViewDirectoryObject" not found {"exception":"[object] (Error(code: 0): Class \"App\\Filament\\Resources\\Directory\\DirectoryObjectManagerResource\\Pages\\ViewDirectoryObject\" not found at /opt/petra_iam_big_project/my_ldap_dashboard/app/Filament/Resources/Directory/DirectoryObjectManagerResource.php:433)
[stacktrace]
#0 /opt/petra_iam_big_project/my_ldap_dashboard/vendor/filament/filament/src/Panel/Concerns/HasComponents.php(617): App\\Filament\\Resources\\Directory\\DirectoryObjectManagerResource::getPages()
#1 /opt/petra_iam_big_project/my_ldap_dashboard/vendor/filament/filament/src/Panel.php(71): Filament\\Panel->registerLivewireComponents()
#2 /opt/petra_iam_big_project/my_ldap_dashboard/vendor/filament/filament/src/PanelRegistry.php(21): Filament\\Panel->register()
#3 /opt/petra_iam_big_project/my_ldap_dashboard/vendor/filament/filament/src/Facades/Filament.php(192): Filament\\PanelRegistry->register()
#4 /opt/petra_iam_big_project/my_ldap_dashboard/vendor/laravel/framework/src/Illuminate/Container/Container.php(1623): Filament\\Facades\\Filament::{closure:Filament\\Facades\\Filament::registerPanel():192}()
#5 /opt/petra_iam_big_project/my_ldap_dashboard/vendor/laravel/framework/src/Illuminate/Container/Container.php(1543): Illuminate\\Container\\Container->fireCallbackArray()
#6 /opt/petra_iam_big_project/my_ldap_dashboard/vendor/laravel/framework/src/Illuminate/Container/Container.php(954): Illuminate\\Container\\Container->fireResolvingCallbacks()
#7 /opt/petra_iam_big_project/my_ldap_dashboard/vendor/laravel/framework/src/Illuminate/Foundation/Application.php(1078): Illuminate\\Container\\Container->resolve()
#8 /opt/petra_iam_big_project/my_ldap_dashboard/vendor/laravel/framework/src/Illuminate/Container/Container.php(864): Illuminate\\Foundation\\Application->resolve()
#9 /opt/petra_iam_big_project/my_ldap_dashboard/vendor/laravel/framework/src/Illuminate/Foundation/Application.php(1058): Illuminate\\Container\\Container->make()
#10 /opt/petra_iam_big_project/my_ldap_dashboard/vendor/laravel/framework/src/Illuminate/Foundation/helpers.php(138): Illuminate\\Foundation\\Application->make()
#11 /opt/petra_iam_big_project/my_ldap_dashboard/vendor/filament/filament/src/FilamentManager.php(382): app()
#12 /opt/petra_iam_big_project/my_ldap_dashboard/vendor/laravel/framework/src/Illuminate/Support/Facades/Facade.php(363): Filament\\FilamentManager->getPanels()
#13 /opt/petra_iam_big_project/my_ldap_dashboard/vendor/filament/filament/routes/web.php(17): Illuminate\\Support\\Facades\\Facade::__callStatic()
#14 /opt/petra_iam_big_project/my_ldap_dashboard/vendor/laravel/framework/src/Illuminate/Routing/Router.php(524): Illuminate\\Support\\ServiceProvider->{closure:/opt/petra_iam_big_project/my_ldap_dashboard/vendor/filament/filament/routes/web.php:16}()
#15 /opt/petra_iam_big_project/my_ldap_dashboard/vendor/laravel/framework/src/Illuminate/Routing/Router.php(480): Illuminate\\Routing\\Router->loadRoutes()
#16 /opt/petra_iam_big_project/my_ldap_dashboard/vendor/laravel/framework/src/Illuminate/Routing/RouteRegistrar.php(212): Illuminate\\Routing\\Router->group()
#17 /opt/petra_iam_big_project/my_ldap_dashboard/vendor/filament/filament/routes/web.php(16): Illuminate\\Routing\\RouteRegistrar->group()
#18 /opt/petra_iam_big_project/my_ldap_dashboard/vendor/laravel/framework/src/Illuminate/Support/ServiceProvider.php(201): require('...')
#19 /opt/petra_iam_big_project/my_ldap_dashboard/vendor/spatie/laravel-package-tools/src/Concerns/PackageServiceProvider/ProcessRoutes.php(14): Illuminate\\Support\\ServiceProvider->loadRoutesFrom()
#20 /opt/petra_iam_big_project/my_ldap_dashboard/vendor/spatie/laravel-package-tools/src/PackageServiceProvider.php(85): Spatie\\LaravelPackageTools\\PackageServiceProvider->bootPackageRoutes()
#21 /opt/petra_iam_big_project/my_ldap_dashboard/vendor/laravel/framework/src/Illuminate/Container/BoundMethod.php(36): Spatie\\LaravelPackageTools\\PackageServiceProvider->boot()
#22 /opt/petra_iam_big_project/my_ldap_dashboard/vendor/laravel/framework/src/Illuminate/Container/Util.php(43): Illuminate\\Container\\BoundMethod::{closure:Illuminate\\Container\\BoundMethod::call():35}()
#23 /opt/petra_iam_big_project/my_ldap_dashboard/vendor/laravel/framework/src/Illuminate/Container/BoundMethod.php(96): Illuminate\\Container\\Util::unwrapIfClosure()
#24 /opt/petra_iam_big_project/my_ldap_dashboard/vendor/laravel/framework/src/Illuminate/Container/BoundMethod.php(35): Illuminate\\Container\\BoundMethod::callBoundMethod()
#25 /opt/petra_iam_big_project/my_ldap_dashboard/vendor/laravel/framework/src/Illuminate/Container/Container.php(799): Illuminate\\Container\\BoundMethod::call()
#26 /opt/petra_iam_big_project/my_ldap_dashboard/vendor/laravel/framework/src/Illuminate/Foundation/Application.php(1151): Illuminate\\Container\\Container->call()
#27 /opt/petra_iam_big_project/my_ldap_dashboard/vendor/laravel/framework/src/Illuminate/Foundation/Application.php(1132): Illuminate\\Foundation\\Application->bootProvider()
#28 [internal function]: Illuminate\\Foundation\\Application->{closure:Illuminate\\Foundation\\Application::boot():1131}()
#29 /opt/petra_iam_big_project/my_ldap_dashboard/vendor/laravel/framework/src/Illuminate/Foundation/Application.php(1131): array_walk()
#30 /opt/petra_iam_big_project/my_ldap_dashboard/vendor/laravel/framework/src/Illuminate/Foundation/Bootstrap/BootProviders.php(17): Illuminate\\Foundation\\Application->boot()
#31 /opt/petra_iam_big_project/my_ldap_dashboard/vendor/laravel/framework/src/Illuminate/Foundation/Application.php(342): Illuminate\\Foundation\\Bootstrap\\BootProviders->bootstrap()
#32 /opt/petra_iam_big_project/my_ldap_dashboard/vendor/laravel/framework/src/Illuminate/Foundation/Console/Kernel.php(494): Illuminate\\Foundation\\Application->bootstrapWith()
#33 /opt/petra_iam_big_project/my_ldap_dashboard/vendor/laravel/framework/src/Illuminate/Foundation/Console/Kernel.php(196): Illuminate\\Foundation\\Console\\Kernel->bootstrap()
#34 /opt/petra_iam_big_project/my_ldap_dashboard/vendor/laravel/framework/src/Illuminate/Foundation/Application.php(1235): Illuminate\\Foundation\\Console\\Kernel->handle()
#35 /opt/petra_iam_big_project/my_ldap_dashboard/artisan(16): Illuminate\\Foundation\\Application->handleCommand()
#36 {main}
"} 
[2026-05-12 20:02:08] local.ERROR: Class "App\Filament\Resources\Directory\DirectoryObjectManagerResource\Pages\ViewDirectoryObject" not found {"exception":"[object] (Error(code: 0): Class \"App\\Filament\\Resources\\Directory\\DirectoryObjectManagerResource\\Pages\\ViewDirectoryObject\" not found at /opt/petra_iam_big_project/my_ldap_dashboard/app/Filament/Resources/Directory/DirectoryObjectManagerResource.php:433)
[stacktrace]
#0 /opt/petra_iam_big_project/my_ldap_dashboard/vendor/filament/filament/src/Panel/Concerns/HasComponents.php(617): App\\Filament\\Resources\\Directory\\DirectoryObjectManagerResource::getPages()
#1 /opt/petra_iam_big_project/my_ldap_dashboard/vendor/filament/filament/src/Panel.php(71): Filament\\Panel->registerLivewireComponents()
#2 /opt/petra_iam_big_project/my_ldap_dashboard/vendor/filament/filament/src/PanelRegistry.php(21): Filament\\Panel->register()
#3 /opt/petra_iam_big_project/my_ldap_dashboard/vendor/filament/filament/src/Facades/Filament.php(192): Filament\\PanelRegistry->register()
#4 /opt/petra_iam_big_project/my_ldap_dashboard/vendor/laravel/framework/src/Illuminate/Container/Container.php(1623): Filament\\Facades\\Filament::{closure:Filament\\Facades\\Filament::registerPanel():192}()
#5 /opt/petra_iam_big_project/my_ldap_dashboard/vendor/laravel/framework/src/Illuminate/Container/Container.php(1543): Illuminate\\Container\\Container->fireCallbackArray()
#6 /opt/petra_iam_big_project/my_ldap_dashboard/vendor/laravel/framework/src/Illuminate/Container/Container.php(954): Illuminate\\Container\\Container->fireResolvingCallbacks()
#7 /opt/petra_iam_big_project/my_ldap_dashboard/vendor/laravel/framework/src/Illuminate/Foundation/Application.php(1078): Illuminate\\Container\\Container->resolve()
#8 /opt/petra_iam_big_project/my_ldap_dashboard/vendor/laravel/framework/src/Illuminate/Container/Container.php(864): Illuminate\\Foundation\\Application->resolve()
#9 /opt/petra_iam_big_project/my_ldap_dashboard/vendor/laravel/framework/src/Illuminate/Foundation/Application.php(1058): Illuminate\\Container\\Container->make()
#10 /opt/petra_iam_big_project/my_ldap_dashboard/vendor/laravel/framework/src/Illuminate/Foundation/helpers.php(138): Illuminate\\Foundation\\Application->make()
#11 /opt/petra_iam_big_project/my_ldap_dashboard/vendor/filament/filament/src/FilamentManager.php(382): app()
#12 /opt/petra_iam_big_project/my_ldap_dashboard/vendor/laravel/framework/src/Illuminate/Support/Facades/Facade.php(363): Filament\\FilamentManager->getPanels()
#13 /opt/petra_iam_big_project/my_ldap_dashboard/vendor/filament/filament/routes/web.php(17): Illuminate\\Support\\Facades\\Facade::__callStatic()
#14 /opt/petra_iam_big_project/my_ldap_dashboard/vendor/laravel/framework/src/Illuminate/Routing/Router.php(524): Illuminate\\Support\\ServiceProvider->{closure:/opt/petra_iam_big_project/my_ldap_dashboard/vendor/filament/filament/routes/web.php:16}()
#15 /opt/petra_iam_big_project/my_ldap_dashboard/vendor/laravel/framework/src/Illuminate/Routing/Router.php(480): Illuminate\\Routing\\Router->loadRoutes()
#16 /opt/petra_iam_big_project/my_ldap_dashboard/vendor/laravel/framework/src/Illuminate/Routing/RouteRegistrar.php(212): Illuminate\\Routing\\Router->group()
#17 /opt/petra_iam_big_project/my_ldap_dashboard/vendor/filament/filament/routes/web.php(16): Illuminate\\Routing\\RouteRegistrar->group()
#18 /opt/petra_iam_big_project/my_ldap_dashboard/vendor/laravel/framework/src/Illuminate/Support/ServiceProvider.php(201): require('...')
#19 /opt/petra_iam_big_project/my_ldap_dashboard/vendor/spatie/laravel-package-tools/src/Concerns/PackageServiceProvider/ProcessRoutes.php(14): Illuminate\\Support\\ServiceProvider->loadRoutesFrom()
#20 /opt/petra_iam_big_project/my_ldap_dashboard/vendor/spatie/laravel-package-tools/src/PackageServiceProvider.php(85): Spatie\\LaravelPackageTools\\PackageServiceProvider->bootPackageRoutes()
#21 /opt/petra_iam_big_project/my_ldap_dashboard/vendor/laravel/framework/src/Illuminate/Container/BoundMethod.php(36): Spatie\\LaravelPackageTools\\PackageServiceProvider->boot()
#22 /opt/petra_iam_big_project/my_ldap_dashboard/vendor/laravel/framework/src/Illuminate/Container/Util.php(43): Illuminate\\Container\\BoundMethod::{closure:Illuminate\\Container\\BoundMethod::call():35}()
#23 /opt/petra_iam_big_project/my_ldap_dashboard/vendor/laravel/framework/src/Illuminate/Container/BoundMethod.php(96): Illuminate\\Container\\Util::unwrapIfClosure()
#24 /opt/petra_iam_big_project/my_ldap_dashboard/vendor/laravel/framework/src/Illuminate/Container/BoundMethod.php(35): Illuminate\\Container\\BoundMethod::callBoundMethod()
#25 /opt/petra_iam_big_project/my_ldap_dashboard/vendor/laravel/framework/src/Illuminate/Container/Container.php(799): Illuminate\\Container\\BoundMethod::call()
#26 /opt/petra_iam_big_project/my_ldap_dashboard/vendor/laravel/framework/src/Illuminate/Foundation/Application.php(1151): Illuminate\\Container\\Container->call()
#27 /opt/petra_iam_big_project/my_ldap_dashboard/vendor/laravel/framework/src/Illuminate/Foundation/Application.php(1132): Illuminate\\Foundation\\Application->bootProvider()
#28 [internal function]: Illuminate\\Foundation\\Application->{closure:Illuminate\\Foundation\\Application::boot():1131}()
#29 /opt/petra_iam_big_project/my_ldap_dashboard/vendor/laravel/framework/src/Illuminate/Foundation/Application.php(1131): array_walk()
#30 /opt/petra_iam_big_project/my_ldap_dashboard/vendor/laravel/framework/src/Illuminate/Foundation/Bootstrap/BootProviders.php(17): Illuminate\\Foundation\\Application->boot()
#31 /opt/petra_iam_big_project/my_ldap_dashboard/vendor/laravel/framework/src/Illuminate/Foundation/Application.php(342): Illuminate\\Foundation\\Bootstrap\\BootProviders->bootstrap()
#32 /opt/petra_iam_big_project/my_ldap_dashboard/vendor/laravel/framework/src/Illuminate/Foundation/Console/Kernel.php(494): Illuminate\\Foundation\\Application->bootstrapWith()
#33 /opt/petra_iam_big_project/my_ldap_dashboard/vendor/laravel/framework/src/Illuminate/Foundation/Console/Kernel.php(196): Illuminate\\Foundation\\Console\\Kernel->bootstrap()
#34 /opt/petra_iam_big_project/my_ldap_dashboard/vendor/laravel/framework/src/Illuminate/Foundation/Application.php(1235): Illuminate\\Foundation\\Console\\Kernel->handle()
#35 /opt/petra_iam_big_project/my_ldap_dashboard/artisan(16): Illuminate\\Foundation\\Application->handleCommand()
#36 {main}
"} 
[2026-05-12 20:02:09] local.ERROR: Class "App\Filament\Resources\Directory\DirectoryObjectManagerResource\Pages\ViewDirectoryObject" not found {"exception":"[object] (Error(code: 0): Class \"App\\Filament\\Resources\\Directory\\DirectoryObjectManagerResource\\Pages\\ViewDirectoryObject\" not found at /opt/petra_iam_big_project/my_ldap_dashboard/app/Filament/Resources/Directory/DirectoryObjectManagerResource.php:433)
[stacktrace]
#0 /opt/petra_iam_big_project/my_ldap_dashboard/vendor/filament/filament/src/Panel/Concerns/HasComponents.php(617): App\\Filament\\Resources\\Directory\\DirectoryObjectManagerResource::getPages()
#1 /opt/petra_iam_big_project/my_ldap_dashboard/vendor/filament/filament/src/Panel.php(71): Filament\\Panel->registerLivewireComponents()
#2 /opt/petra_iam_big_project/my_ldap_dashboard/vendor/filament/filament/src/PanelRegistry.php(21): Filament\\Panel->register()
#3 /opt/petra_iam_big_project/my_ldap_dashboard/vendor/filament/filament/src/Facades/Filament.php(192): Filament\\PanelRegistry->register()
#4 /opt/petra_iam_big_project/my_ldap_dashboard/vendor/laravel/framework/src/Illuminate/Container/Container.php(1623): Filament\\Facades\\Filament::{closure:Filament\\Facades\\Filament::registerPanel():192}()
#5 /opt/petra_iam_big_project/my_ldap_dashboard/vendor/laravel/framework/src/Illuminate/Container/Container.php(1543): Illuminate\\Container\\Container->fireCallbackArray()
#6 /opt/petra_iam_big_project/my_ldap_dashboard/vendor/laravel/framework/src/Illuminate/Container/Container.php(954): Illuminate\\Container\\Container->fireResolvingCallbacks()
#7 /opt/petra_iam_big_project/my_ldap_dashboard/vendor/laravel/framework/src/Illuminate/Foundation/Application.php(1078): Illuminate\\Container\\Container->resolve()
#8 /opt/petra_iam_big_project/my_ldap_dashboard/vendor/laravel/framework/src/Illuminate/Container/Container.php(864): Illuminate\\Foundation\\Application->resolve()
#9 /opt/petra_iam_big_project/my_ldap_dashboard/vendor/laravel/framework/src/Illuminate/Foundation/Application.php(1058): Illuminate\\Container\\Container->make()
#10 /opt/petra_iam_big_project/my_ldap_dashboard/vendor/laravel/framework/src/Illuminate/Foundation/helpers.php(138): Illuminate\\Foundation\\Application->make()
#11 /opt/petra_iam_big_project/my_ldap_dashboard/vendor/filament/filament/src/FilamentManager.php(382): app()
#12 /opt/petra_iam_big_project/my_ldap_dashboard/vendor/laravel/framework/src/Illuminate/Support/Facades/Facade.php(363): Filament\\FilamentManager->getPanels()
#13 /opt/petra_iam_big_project/my_ldap_dashboard/vendor/filament/filament/routes/web.php(17): Illuminate\\Support\\Facades\\Facade::__callStatic()
#14 /opt/petra_iam_big_project/my_ldap_dashboard/vendor/laravel/framework/src/Illuminate/Routing/Router.php(524): Illuminate\\Support\\ServiceProvider->{closure:/opt/petra_iam_big_project/my_ldap_dashboard/vendor/filament/filament/routes/web.php:16}()
#15 /opt/petra_iam_big_project/my_ldap_dashboard/vendor/laravel/framework/src/Illuminate/Routing/Router.php(480): Illuminate\\Routing\\Router->loadRoutes()
#16 /opt/petra_iam_big_project/my_ldap_dashboard/vendor/laravel/framework/src/Illuminate/Routing/RouteRegistrar.php(212): Illuminate\\Routing\\Router->group()
#17 /opt/petra_iam_big_project/my_ldap_dashboard/vendor/filament/filament/routes/web.php(16): Illuminate\\Routing\\RouteRegistrar->group()
#18 /opt/petra_iam_big_project/my_ldap_dashboard/vendor/laravel/framework/src/Illuminate/Support/ServiceProvider.php(201): require('...')
#19 /opt/petra_iam_big_project/my_ldap_dashboard/vendor/spatie/laravel-package-tools/src/Concerns/PackageServiceProvider/ProcessRoutes.php(14): Illuminate\\Support\\ServiceProvider->loadRoutesFrom()
#20 /opt/petra_iam_big_project/my_ldap_dashboard/vendor/spatie/laravel-package-tools/src/PackageServiceProvider.php(85): Spatie\\LaravelPackageTools\\PackageServiceProvider->bootPackageRoutes()
#21 /opt/petra_iam_big_project/my_ldap_dashboard/vendor/laravel/framework/src/Illuminate/Container/BoundMethod.php(36): Spatie\\LaravelPackageTools\\PackageServiceProvider->boot()
#22 /opt/petra_iam_big_project/my_ldap_dashboard/vendor/laravel/framework/src/Illuminate/Container/Util.php(43): Illuminate\\Container\\BoundMethod::{closure:Illuminate\\Container\\BoundMethod::call():35}()
#23 /opt/petra_iam_big_project/my_ldap_dashboard/vendor/laravel/framework/src/Illuminate/Container/BoundMethod.php(96): Illuminate\\Container\\Util::unwrapIfClosure()
#24 /opt/petra_iam_big_project/my_ldap_dashboard/vendor/laravel/framework/src/Illuminate/Container/BoundMethod.php(35): Illuminate\\Container\\BoundMethod::callBoundMethod()
#25 /opt/petra_iam_big_project/my_ldap_dashboard/vendor/laravel/framework/src/Illuminate/Container/Container.php(799): Illuminate\\Container\\BoundMethod::call()
#26 /opt/petra_iam_big_project/my_ldap_dashboard/vendor/laravel/framework/src/Illuminate/Foundation/Application.php(1151): Illuminate\\Container\\Container->call()
#27 /opt/petra_iam_big_project/my_ldap_dashboard/vendor/laravel/framework/src/Illuminate/Foundation/Application.php(1132): Illuminate\\Foundation\\Application->bootProvider()
#28 [internal function]: Illuminate\\Foundation\\Application->{closure:Illuminate\\Foundation\\Application::boot():1131}()
#29 /opt/petra_iam_big_project/my_ldap_dashboard/vendor/laravel/framework/src/Illuminate/Foundation/Application.php(1131): array_walk()
#30 /opt/petra_iam_big_project/my_ldap_dashboard/vendor/laravel/framework/src/Illuminate/Foundation/Bootstrap/BootProviders.php(17): Illuminate\\Foundation\\Application->boot()
#31 /opt/petra_iam_big_project/my_ldap_dashboard/vendor/laravel/framework/src/Illuminate/Foundation/Application.php(342): Illuminate\\Foundation\\Bootstrap\\BootProviders->bootstrap()
#32 /opt/petra_iam_big_project/my_ldap_dashboard/vendor/laravel/framework/src/Illuminate/Foundation/Console/Kernel.php(494): Illuminate\\Foundation\\Application->bootstrapWith()
#33 /opt/petra_iam_big_project/my_ldap_dashboard/vendor/laravel/framework/src/Illuminate/Foundation/Console/Kernel.php(196): Illuminate\\Foundation\\Console\\Kernel->bootstrap()
#34 /opt/petra_iam_big_project/my_ldap_dashboard/vendor/laravel/framework/src/Illuminate/Foundation/Application.php(1235): Illuminate\\Foundation\\Console\\Kernel->handle()
#35 /opt/petra_iam_big_project/my_ldap_dashboard/artisan(16): Illuminate\\Foundation\\Application->handleCommand()
#36 {main}
"} 
[2026-05-12 20:02:09] local.ERROR: Class "App\Filament\Resources\Directory\DirectoryObjectManagerResource\Pages\ViewDirectoryObject" not found {"exception":"[object] (Error(code: 0): Class \"App\\Filament\\Resources\\Directory\\DirectoryObjectManagerResource\\Pages\\ViewDirectoryObject\" not found at /opt/petra_iam_big_project/my_ldap_dashboard/app/Filament/Resources/Directory/DirectoryObjectManagerResource.php:433)
[stacktrace]
#0 /opt/petra_iam_big_project/my_ldap_dashboard/vendor/filament/filament/src/Panel/Concerns/HasComponents.php(617): App\\Filament\\Resources\\Directory\\DirectoryObjectManagerResource::getPages()
#1 /opt/petra_iam_big_project/my_ldap_dashboard/vendor/filament/filament/src/Panel.php(71): Filament\\Panel->registerLivewireComponents()
#2 /opt/petra_iam_big_project/my_ldap_dashboard/vendor/filament/filament/src/PanelRegistry.php(21): Filament\\Panel->register()
#3 /opt/petra_iam_big_project/my_ldap_dashboard/vendor/filament/filament/src/Facades/Filament.php(192): Filament\\PanelRegistry->register()
#4 /opt/petra_iam_big_project/my_ldap_dashboard/vendor/laravel/framework/src/Illuminate/Container/Container.php(1623): Filament\\Facades\\Filament::{closure:Filament\\Facades\\Filament::registerPanel():192}()
#5 /opt/petra_iam_big_project/my_ldap_dashboard/vendor/laravel/framework/src/Illuminate/Container/Container.php(1543): Illuminate\\Container\\Container->fireCallbackArray()
#6 /opt/petra_iam_big_project/my_ldap_dashboard/vendor/laravel/framework/src/Illuminate/Container/Container.php(954): Illuminate\\Container\\Container->fireResolvingCallbacks()
#7 /opt/petra_iam_big_project/my_ldap_dashboard/vendor/laravel/framework/src/Illuminate/Foundation/Application.php(1078): Illuminate\\Container\\Container->resolve()
#8 /opt/petra_iam_big_project/my_ldap_dashboard/vendor/laravel/framework/src/Illuminate/Container/Container.php(864): Illuminate\\Foundation\\Application->resolve()
#9 /opt/petra_iam_big_project/my_ldap_dashboard/vendor/laravel/framework/src/Illuminate/Foundation/Application.php(1058): Illuminate\\Container\\Container->make()
#10 /opt/petra_iam_big_project/my_ldap_dashboard/vendor/laravel/framework/src/Illuminate/Foundation/helpers.php(138): Illuminate\\Foundation\\Application->make()
#11 /opt/petra_iam_big_project/my_ldap_dashboard/vendor/filament/filament/src/FilamentManager.php(382): app()
#12 /opt/petra_iam_big_project/my_ldap_dashboard/vendor/laravel/framework/src/Illuminate/Support/Facades/Facade.php(363): Filament\\FilamentManager->getPanels()
#13 /opt/petra_iam_big_project/my_ldap_dashboard/vendor/filament/filament/routes/web.php(17): Illuminate\\Support\\Facades\\Facade::__callStatic()
#14 /opt/petra_iam_big_project/my_ldap_dashboard/vendor/laravel/framework/src/Illuminate/Routing/Router.php(524): Illuminate\\Support\\ServiceProvider->{closure:/opt/petra_iam_big_project/my_ldap_dashboard/vendor/filament/filament/routes/web.php:16}()
#15 /opt/petra_iam_big_project/my_ldap_dashboard/vendor/laravel/framework/src/Illuminate/Routing/Router.php(480): Illuminate\\Routing\\Router->loadRoutes()
#16 /opt/petra_iam_big_project/my_ldap_dashboard/vendor/laravel/framework/src/Illuminate/Routing/RouteRegistrar.php(212): Illuminate\\Routing\\Router->group()
#17 /opt/petra_iam_big_project/my_ldap_dashboard/vendor/filament/filament/routes/web.php(16): Illuminate\\Routing\\RouteRegistrar->group()
#18 /opt/petra_iam_big_project/my_ldap_dashboard/vendor/laravel/framework/src/Illuminate/Support/ServiceProvider.php(201): require('...')
#19 /opt/petra_iam_big_project/my_ldap_dashboard/vendor/spatie/laravel-package-tools/src/Concerns/PackageServiceProvider/ProcessRoutes.php(14): Illuminate\\Support\\ServiceProvider->loadRoutesFrom()
#20 /opt/petra_iam_big_project/my_ldap_dashboard/vendor/spatie/laravel-package-tools/src/PackageServiceProvider.php(85): Spatie\\LaravelPackageTools\\PackageServiceProvider->bootPackageRoutes()
#21 /opt/petra_iam_big_project/my_ldap_dashboard/vendor/laravel/framework/src/Illuminate/Container/BoundMethod.php(36): Spatie\\LaravelPackageTools\\PackageServiceProvider->boot()
#22 /opt/petra_iam_big_project/my_ldap_dashboard/vendor/laravel/framework/src/Illuminate/Container/Util.php(43): Illuminate\\Container\\BoundMethod::{closure:Illuminate\\Container\\BoundMethod::call():35}()
#23 /opt/petra_iam_big_project/my_ldap_dashboard/vendor/laravel/framework/src/Illuminate/Container/BoundMethod.php(96): Illuminate\\Container\\Util::unwrapIfClosure()
#24 /opt/petra_iam_big_project/my_ldap_dashboard/vendor/laravel/framework/src/Illuminate/Container/BoundMethod.php(35): Illuminate\\Container\\BoundMethod::callBoundMethod()
#25 /opt/petra_iam_big_project/my_ldap_dashboard/vendor/laravel/framework/src/Illuminate/Container/Container.php(799): Illuminate\\Container\\BoundMethod::call()
#26 /opt/petra_iam_big_project/my_ldap_dashboard/vendor/laravel/framework/src/Illuminate/Foundation/Application.php(1151): Illuminate\\Container\\Container->call()
#27 /opt/petra_iam_big_project/my_ldap_dashboard/vendor/laravel/framework/src/Illuminate/Foundation/Application.php(1132): Illuminate\\Foundation\\Application->bootProvider()
#28 [internal function]: Illuminate\\Foundation\\Application->{closure:Illuminate\\Foundation\\Application::boot():1131}()
#29 /opt/petra_iam_big_project/my_ldap_dashboard/vendor/laravel/framework/src/Illuminate/Foundation/Application.php(1131): array_walk()
#30 /opt/petra_iam_big_project/my_ldap_dashboard/vendor/laravel/framework/src/Illuminate/Foundation/Bootstrap/BootProviders.php(17): Illuminate\\Foundation\\Application->boot()
#31 /opt/petra_iam_big_project/my_ldap_dashboard/vendor/laravel/framework/src/Illuminate/Foundation/Application.php(342): Illuminate\\Foundation\\Bootstrap\\BootProviders->bootstrap()
#32 /opt/petra_iam_big_project/my_ldap_dashboard/vendor/laravel/framework/src/Illuminate/Foundation/Console/Kernel.php(494): Illuminate\\Foundation\\Application->bootstrapWith()
#33 /opt/petra_iam_big_project/my_ldap_dashboard/vendor/laravel/framework/src/Illuminate/Foundation/Console/Kernel.php(196): Illuminate\\Foundation\\Console\\Kernel->bootstrap()
#34 /opt/petra_iam_big_project/my_ldap_dashboard/vendor/laravel/framework/src/Illuminate/Foundation/Application.php(1235): Illuminate\\Foundation\\Console\\Kernel->handle()
#35 /opt/petra_iam_big_project/my_ldap_dashboard/artisan(16): Illuminate\\Foundation\\Application->handleCommand()
#36 {main}
"} 
[2026-05-12 20:02:10] local.ERROR: Class "App\Filament\Resources\Directory\DirectoryObjectManagerResource\Pages\ViewDirectoryObject" not found {"exception":"[object] (Error(code: 0): Class \"App\\Filament\\Resources\\Directory\\DirectoryObjectManagerResource\\Pages\\ViewDirectoryObject\" not found at /opt/petra_iam_big_project/my_ldap_dashboard/app/Filament/Resources/Directory/DirectoryObjectManagerResource.php:433)
[stacktrace]
#0 /opt/petra_iam_big_project/my_ldap_dashboard/vendor/filament/filament/src/Panel/Concerns/HasComponents.php(617): App\\Filament\\Resources\\Directory\\DirectoryObjectManagerResource::getPages()
#1 /opt/petra_iam_big_project/my_ldap_dashboard/vendor/filament/filament/src/Panel.php(71): Filament\\Panel->registerLivewireComponents()
#2 /opt/petra_iam_big_project/my_ldap_dashboard/vendor/filament/filament/src/PanelRegistry.php(21): Filament\\Panel->register()
#3 /opt/petra_iam_big_project/my_ldap_dashboard/vendor/filament/filament/src/Facades/Filament.php(192): Filament\\PanelRegistry->register()
#4 /opt/petra_iam_big_project/my_ldap_dashboard/vendor/laravel/framework/src/Illuminate/Container/Container.php(1623): Filament\\Facades\\Filament::{closure:Filament\\Facades\\Filament::registerPanel():192}()
#5 /opt/petra_iam_big_project/my_ldap_dashboard/vendor/laravel/framework/src/Illuminate/Container/Container.php(1543): Illuminate\\Container\\Container->fireCallbackArray()
#6 /opt/petra_iam_big_project/my_ldap_dashboard/vendor/laravel/framework/src/Illuminate/Container/Container.php(954): Illuminate\\Container\\Container->fireResolvingCallbacks()
#7 /opt/petra_iam_big_project/my_ldap_dashboard/vendor/laravel/framework/src/Illuminate/Foundation/Application.php(1078): Illuminate\\Container\\Container->resolve()
#8 /opt/petra_iam_big_project/my_ldap_dashboard/vendor/laravel/framework/src/Illuminate/Container/Container.php(864): Illuminate\\Foundation\\Application->resolve()
#9 /opt/petra_iam_big_project/my_ldap_dashboard/vendor/laravel/framework/src/Illuminate/Foundation/Application.php(1058): Illuminate\\Container\\Container->make()
#10 /opt/petra_iam_big_project/my_ldap_dashboard/vendor/laravel/framework/src/Illuminate/Foundation/helpers.php(138): Illuminate\\Foundation\\Application->make()
#11 /opt/petra_iam_big_project/my_ldap_dashboard/vendor/filament/filament/src/FilamentManager.php(382): app()
#12 /opt/petra_iam_big_project/my_ldap_dashboard/vendor/laravel/framework/src/Illuminate/Support/Facades/Facade.php(363): Filament\\FilamentManager->getPanels()
#13 /opt/petra_iam_big_project/my_ldap_dashboard/vendor/filament/filament/routes/web.php(17): Illuminate\\Support\\Facades\\Facade::__callStatic()
#14 /opt/petra_iam_big_project/my_ldap_dashboard/vendor/laravel/framework/src/Illuminate/Routing/Router.php(524): Illuminate\\Support\\ServiceProvider->{closure:/opt/petra_iam_big_project/my_ldap_dashboard/vendor/filament/filament/routes/web.php:16}()
#15 /opt/petra_iam_big_project/my_ldap_dashboard/vendor/laravel/framework/src/Illuminate/Routing/Router.php(480): Illuminate\\Routing\\Router->loadRoutes()
#16 /opt/petra_iam_big_project/my_ldap_dashboard/vendor/laravel/framework/src/Illuminate/Routing/RouteRegistrar.php(212): Illuminate\\Routing\\Router->group()
#17 /opt/petra_iam_big_project/my_ldap_dashboard/vendor/filament/filament/routes/web.php(16): Illuminate\\Routing\\RouteRegistrar->group()
#18 /opt/petra_iam_big_project/my_ldap_dashboard/vendor/laravel/framework/src/Illuminate/Support/ServiceProvider.php(201): require('...')
#19 /opt/petra_iam_big_project/my_ldap_dashboard/vendor/spatie/laravel-package-tools/src/Concerns/PackageServiceProvider/ProcessRoutes.php(14): Illuminate\\Support\\ServiceProvider->loadRoutesFrom()
#20 /opt/petra_iam_big_project/my_ldap_dashboard/vendor/spatie/laravel-package-tools/src/PackageServiceProvider.php(85): Spatie\\LaravelPackageTools\\PackageServiceProvider->bootPackageRoutes()
#21 /opt/petra_iam_big_project/my_ldap_dashboard/vendor/laravel/framework/src/Illuminate/Container/BoundMethod.php(36): Spatie\\LaravelPackageTools\\PackageServiceProvider->boot()
#22 /opt/petra_iam_big_project/my_ldap_dashboard/vendor/laravel/framework/src/Illuminate/Container/Util.php(43): Illuminate\\Container\\BoundMethod::{closure:Illuminate\\Container\\BoundMethod::call():35}()
#23 /opt/petra_iam_big_project/my_ldap_dashboard/vendor/laravel/framework/src/Illuminate/Container/BoundMethod.php(96): Illuminate\\Container\\Util::unwrapIfClosure()
#24 /opt/petra_iam_big_project/my_ldap_dashboard/vendor/laravel/framework/src/Illuminate/Container/BoundMethod.php(35): Illuminate\\Container\\BoundMethod::callBoundMethod()
#25 /opt/petra_iam_big_project/my_ldap_dashboard/vendor/laravel/framework/src/Illuminate/Container/Container.php(799): Illuminate\\Container\\BoundMethod::call()
#26 /opt/petra_iam_big_project/my_ldap_dashboard/vendor/laravel/framework/src/Illuminate/Foundation/Application.php(1151): Illuminate\\Container\\Container->call()
#27 /opt/petra_iam_big_project/my_ldap_dashboard/vendor/laravel/framework/src/Illuminate/Foundation/Application.php(1132): Illuminate\\Foundation\\Application->bootProvider()
#28 [internal function]: Illuminate\\Foundation\\Application->{closure:Illuminate\\Foundation\\Application::boot():1131}()
#29 /opt/petra_iam_big_project/my_ldap_dashboard/vendor/laravel/framework/src/Illuminate/Foundation/Application.php(1131): array_walk()
#30 /opt/petra_iam_big_project/my_ldap_dashboard/vendor/laravel/framework/src/Illuminate/Foundation/Bootstrap/BootProviders.php(17): Illuminate\\Foundation\\Application->boot()
#31 /opt/petra_iam_big_project/my_ldap_dashboard/vendor/laravel/framework/src/Illuminate/Foundation/Application.php(342): Illuminate\\Foundation\\Bootstrap\\BootProviders->bootstrap()
#32 /opt/petra_iam_big_project/my_ldap_dashboard/vendor/laravel/framework/src/Illuminate/Foundation/Console/Kernel.php(494): Illuminate\\Foundation\\Application->bootstrapWith()
#33 /opt/petra_iam_big_project/my_ldap_dashboard/vendor/laravel/framework/src/Illuminate/Foundation/Console/Kernel.php(196): Illuminate\\Foundation\\Console\\Kernel->bootstrap()
#34 /opt/petra_iam_big_project/my_ldap_dashboard/vendor/laravel/framework/src/Illuminate/Foundation/Application.php(1235): Illuminate\\Foundation\\Console\\Kernel->handle()
#35 /opt/petra_iam_big_project/my_ldap_dashboard/artisan(16): Illuminate\\Foundation\\Application->handleCommand()
#36 {main}
"} 
[2026-05-12 20:02:10] local.ERROR: Class "App\Filament\Resources\Directory\DirectoryObjectManagerResource\Pages\ViewDirectoryObject" not found {"exception":"[object] (Error(code: 0): Class \"App\\Filament\\Resources\\Directory\\DirectoryObjectManagerResource\\Pages\\ViewDirectoryObject\" not found at /opt/petra_iam_big_project/my_ldap_dashboard/app/Filament/Resources/Directory/DirectoryObjectManagerResource.php:433)
[stacktrace]
#0 /opt/petra_iam_big_project/my_ldap_dashboard/vendor/filament/filament/src/Panel/Concerns/HasComponents.php(617): App\\Filament\\Resources\\Directory\\DirectoryObjectManagerResource::getPages()
#1 /opt/petra_iam_big_project/my_ldap_dashboard/vendor/filament/filament/src/Panel.php(71): Filament\\Panel->registerLivewireComponents()
#2 /opt/petra_iam_big_project/my_ldap_dashboard/vendor/filament/filament/src/PanelRegistry.php(21): Filament\\Panel->register()
#3 /opt/petra_iam_big_project/my_ldap_dashboard/vendor/filament/filament/src/Facades/Filament.php(192): Filament\\PanelRegistry->register()
#4 /opt/petra_iam_big_project/my_ldap_dashboard/vendor/laravel/framework/src/Illuminate/Container/Container.php(1623): Filament\\Facades\\Filament::{closure:Filament\\Facades\\Filament::registerPanel():192}()
#5 /opt/petra_iam_big_project/my_ldap_dashboard/vendor/laravel/framework/src/Illuminate/Container/Container.php(1543): Illuminate\\Container\\Container->fireCallbackArray()
#6 /opt/petra_iam_big_project/my_ldap_dashboard/vendor/laravel/framework/src/Illuminate/Container/Container.php(954): Illuminate\\Container\\Container->fireResolvingCallbacks()
#7 /opt/petra_iam_big_project/my_ldap_dashboard/vendor/laravel/framework/src/Illuminate/Foundation/Application.php(1078): Illuminate\\Container\\Container->resolve()
#8 /opt/petra_iam_big_project/my_ldap_dashboard/vendor/laravel/framework/src/Illuminate/Container/Container.php(864): Illuminate\\Foundation\\Application->resolve()
#9 /opt/petra_iam_big_project/my_ldap_dashboard/vendor/laravel/framework/src/Illuminate/Foundation/Application.php(1058): Illuminate\\Container\\Container->make()
#10 /opt/petra_iam_big_project/my_ldap_dashboard/vendor/laravel/framework/src/Illuminate/Foundation/helpers.php(138): Illuminate\\Foundation\\Application->make()
#11 /opt/petra_iam_big_project/my_ldap_dashboard/vendor/filament/filament/src/FilamentManager.php(382): app()
#12 /opt/petra_iam_big_project/my_ldap_dashboard/vendor/laravel/framework/src/Illuminate/Support/Facades/Facade.php(363): Filament\\FilamentManager->getPanels()
#13 /opt/petra_iam_big_project/my_ldap_dashboard/vendor/filament/filament/routes/web.php(17): Illuminate\\Support\\Facades\\Facade::__callStatic()
#14 /opt/petra_iam_big_project/my_ldap_dashboard/vendor/laravel/framework/src/Illuminate/Routing/Router.php(524): Illuminate\\Support\\ServiceProvider->{closure:/opt/petra_iam_big_project/my_ldap_dashboard/vendor/filament/filament/routes/web.php:16}()
#15 /opt/petra_iam_big_project/my_ldap_dashboard/vendor/laravel/framework/src/Illuminate/Routing/Router.php(480): Illuminate\\Routing\\Router->loadRoutes()
#16 /opt/petra_iam_big_project/my_ldap_dashboard/vendor/laravel/framework/src/Illuminate/Routing/RouteRegistrar.php(212): Illuminate\\Routing\\Router->group()
#17 /opt/petra_iam_big_project/my_ldap_dashboard/vendor/filament/filament/routes/web.php(16): Illuminate\\Routing\\RouteRegistrar->group()
#18 /opt/petra_iam_big_project/my_ldap_dashboard/vendor/laravel/framework/src/Illuminate/Support/ServiceProvider.php(201): require('...')
#19 /opt/petra_iam_big_project/my_ldap_dashboard/vendor/spatie/laravel-package-tools/src/Concerns/PackageServiceProvider/ProcessRoutes.php(14): Illuminate\\Support\\ServiceProvider->loadRoutesFrom()
#20 /opt/petra_iam_big_project/my_ldap_dashboard/vendor/spatie/laravel-package-tools/src/PackageServiceProvider.php(85): Spatie\\LaravelPackageTools\\PackageServiceProvider->bootPackageRoutes()
#21 /opt/petra_iam_big_project/my_ldap_dashboard/vendor/laravel/framework/src/Illuminate/Container/BoundMethod.php(36): Spatie\\LaravelPackageTools\\PackageServiceProvider->boot()
#22 /opt/petra_iam_big_project/my_ldap_dashboard/vendor/laravel/framework/src/Illuminate/Container/Util.php(43): Illuminate\\Container\\BoundMethod::{closure:Illuminate\\Container\\BoundMethod::call():35}()
#23 /opt/petra_iam_big_project/my_ldap_dashboard/vendor/laravel/framework/src/Illuminate/Container/BoundMethod.php(96): Illuminate\\Container\\Util::unwrapIfClosure()
#24 /opt/petra_iam_big_project/my_ldap_dashboard/vendor/laravel/framework/src/Illuminate/Container/BoundMethod.php(35): Illuminate\\Container\\BoundMethod::callBoundMethod()
#25 /opt/petra_iam_big_project/my_ldap_dashboard/vendor/laravel/framework/src/Illuminate/Container/Container.php(799): Illuminate\\Container\\BoundMethod::call()
#26 /opt/petra_iam_big_project/my_ldap_dashboard/vendor/laravel/framework/src/Illuminate/Foundation/Application.php(1151): Illuminate\\Container\\Container->call()
#27 /opt/petra_iam_big_project/my_ldap_dashboard/vendor/laravel/framework/src/Illuminate/Foundation/Application.php(1132): Illuminate\\Foundation\\Application->bootProvider()
#28 [internal function]: Illuminate\\Foundation\\Application->{closure:Illuminate\\Foundation\\Application::boot():1131}()
#29 /opt/petra_iam_big_project/my_ldap_dashboard/vendor/laravel/framework/src/Illuminate/Foundation/Application.php(1131): array_walk()
#30 /opt/petra_iam_big_project/my_ldap_dashboard/vendor/laravel/framework/src/Illuminate/Foundation/Bootstrap/BootProviders.php(17): Illuminate\\Foundation\\Application->boot()
#31 /opt/petra_iam_big_project/my_ldap_dashboard/vendor/laravel/framework/src/Illuminate/Foundation/Application.php(342): Illuminate\\Foundation\\Bootstrap\\BootProviders->bootstrap()
#32 /opt/petra_iam_big_project/my_ldap_dashboard/vendor/laravel/framework/src/Illuminate/Foundation/Console/Kernel.php(494): Illuminate\\Foundation\\Application->bootstrapWith()
#33 /opt/petra_iam_big_project/my_ldap_dashboard/vendor/laravel/framework/src/Illuminate/Foundation/Console/Kernel.php(196): Illuminate\\Foundation\\Console\\Kernel->bootstrap()
#34 /opt/petra_iam_big_project/my_ldap_dashboard/vendor/laravel/framework/src/Illuminate/Foundation/Application.php(1235): Illuminate\\Foundation\\Console\\Kernel->handle()
#35 /opt/petra_iam_big_project/my_ldap_dashboard/artisan(16): Illuminate\\Foundation\\Application->handleCommand()
#36 {main}
"} 
